id,name,type,length,cell
1,1,AP,0.000000,
2,2,DRIFT,4.380000,
3,3,BPM,0.000000,1
4,4,DRIFT,1.288300,
5,5,QUAD,0.406400,1
6,6,DRIFT,0.146800,
7,7,DRIFT,0.005000,
8,8,SEXT,0.290000,1
9,9,DRIFT,0.005000,
10,10,DRIFT,0.231850,
11,11,QUAD,0.606300,1
12,12,DRIFT,0.458350,
13,13,QUAD,0.307000,1
14,14,DRIFT,0.196500,
15,15,DRIFT,0.005000,
16,16,SEXT,0.290000,1
17,17,DRIFT,0.005000,
18,18,DRIFT,0.185000,
19,19,BPM,0.000000,1
20,20,DRIFT,0.484000,
21,21,BEND,0.933000,1
22,22,DRIFT,0.585800,
23,23,QUAD,0.406400,1
24,24,DRIFT,0.158300,
25,25,BPM,0.000000,1
26,26,DRIFT,0.263500,
27,27,DRIFT,0.005000,
28,28,SEXT,0.190000,1
29,29,DRIFT,0.005000,
30,30,DRIFT,0.195200,
31,31,QUAD,0.407600,1
32,32,DRIFT,0.118700,
33,33,BPM,0.000000,1
34,34,DRIFT,0.116000,
35,35,DRIFT,0.005000,
36,36,SEXT,0.290000,1
37,37,DRIFT,0.005000,
38,38,DRIFT,0.234700,
39,39,QUAD,0.407600,1
40,40,DRIFT,0.195200,
41,41,DRIFT,0.005000,
42,42,SEXT,0.190000,1
43,43,DRIFT,0.005000,
44,44,DRIFT,0.421800,
45,45,QUAD,0.406400,1
46,46,DRIFT,0.101800,
47,47,BPM,0.000000,1
48,48,DRIFT,0.484000,
49,49,BEND,0.933000,1
50,50,DRIFT,0.669000,
51,51,DRIFT,0.005000,
52,52,SEXT,0.290000,1
53,53,DRIFT,0.005000,
54,54,DRIFT,0.196500,
55,55,QUAD,0.307000,1
56,56,DRIFT,0.173000,
57,57,BPM,0.000000,1
58,58,DRIFT,0.285350,
59,59,QUAD,0.606300,1
60,60,DRIFT,0.231850,
61,61,DRIFT,0.005000,
62,62,SEXT,0.290000,1
63,63,DRIFT,0.005000,
64,64,DRIFT,0.146800,
65,65,QUAD,0.406400,1
66,66,DRIFT,1.288300,
67,67,BPM,0.000000,1
68,68,DRIFT,0.002500,
69,69,DRIFT,1.219500,
70,70,DRIFT,0.050000,
71,71,HCHICA,0.000000,
72,72,DRIFT,0.050000,
73,73,DRIFT,0.280500,
74,74,DRIFT,0.150000,
75,75,HTRIM,0.000000,2
76,76,VTRIM,0.000000,2
77,77,DRIFT,0.150000,
78,78,DRIFT,0.977500,
79,79,source,0.000000,
80,80,DRIFT,0.977500,
81,81,DRIFT,0.150000,
82,82,HTRIM,0.000000,2
83,83,VTRIM,0.000000,2
84,84,DRIFT,0.150000,
85,85,DRIFT,0.054000,
86,86,DRIFT,0.050000,
87,87,HCHICA,0.000000,
88,88,DRIFT,0.050000,
89,89,DRIFT,0.907000,
90,90,DRIFT,0.050000,
91,91,HCHICA,0.000000,
92,92,DRIFT,0.050000,
93,93,DRIFT,0.339000,
94,94,DRIFT,0.002500,
95,95,BPM,0.000000,2
96,96,DRIFT,0.366820,
97,97,DRIFT,0.126181,
98,98,DRIFT,0.050000,
99,99,QUAD,0.250000,2
100,100,DRIFT,0.112500,
101,101,SEXT,0.175000,2
102,102,DRIFT,0.172500,
103,103,QUAD,0.250000,2
104,104,DRIFT,0.069280,
105,105,DRIFT,0.100000,
106,106,DRIFT,0.075000,
107,107,SEXT,0.175000,2
108,108,DRIFT,0.075000,
109,109,DRIFT,0.100000,
110,110,DRIFT,0.112500,
111,111,BEND,0.670431,2
112,112,DRIFT,0.185194,
113,113,DRIFT,0.033729,
114,114,DRIFT,0.025411,
115,115,DRIFT,0.247889,
116,116,DRIFT,0.003000,
117,117,DRIFT,0.055324,
118,118,BPM,0.000000,2
119,119,DRIFT,0.055173,
120,120,SEXT,0.175000,2
121,121,DRIFT,0.088380,
122,122,QUAD,0.250000,2
123,123,DRIFT,0.031123,
124,124,DRIFT,0.003000,
125,125,DRIFT,0.115877,
126,126,SEXT,0.175000,2
127,127,DRIFT,0.150000,
128,128,QUAD,0.250000,2
129,129,DRIFT,0.088380,
130,130,SEXT,0.175000,2
131,131,DRIFT,0.042543,
132,132,DRIFT,0.003000,
133,133,DRIFT,0.112894,
134,134,BPM,0.000000,2
135,135,DRIFT,0.229063,
136,136,BEND,0.966928,2
137,137,DRIFT,0.068240,
138,138,DRIFT,0.073540,
139,139,HSTR,0.000000,
140,140,VSTR,0.000000,
141,141,DRIFT,0.096600,
142,142,QUAD,0.250000,2
143,143,DRIFT,0.000010,
144,144,DRIFT,0.000000,
145,145,DRIFT,0.011240,
146,146,DRIFT,0.206000,
147,147,BPM,0.000000,2
148,148,DRIFT,0.114000,
149,149,DRIFT,0.368750,
150,150,DRIFT,1.000000,
151,151,source,0.000000,
152,152,DRIFT,1.000000,
153,153,DRIFT,0.375420,
154,154,DRIFT,0.107330,
155,155,BPM,0.000000,2
156,156,DRIFT,0.217250,
157,157,QUAD,0.250000,2
158,158,DRIFT,0.096600,
159,159,HSTR,0.000000,
160,160,VSTR,0.000000,
161,161,DRIFT,0.036080,
162,162,DRIFT,0.003000,
163,163,DRIFT,0.102700,
164,164,BEND,0.966928,2
165,165,DRIFT,0.037500,
166,166,DRIFT,0.141042,
167,167,DRIFT,0.033728,
168,168,DRIFT,0.024583,
169,169,DRIFT,0.038147,
170,170,DRIFT,0.112500,
171,171,SEXT,0.175000,2
172,172,DRIFT,0.088380,
173,173,QUAD,0.250000,2
174,174,DRIFT,0.020890,
175,175,DRIFT,0.003000,
176,176,DRIFT,0.075286,
177,177,BPM,0.000000,2
178,178,DRIFT,0.050824,
179,179,SEXT,0.175000,2
180,180,DRIFT,0.150000,
181,181,QUAD,0.250000,2
182,182,DRIFT,0.088380,
183,183,SEXT,0.175000,2
184,184,DRIFT,0.269070,
185,185,DRIFT,0.003000,
186,186,DRIFT,0.103390,
187,187,BPM,0.000000,2
188,188,DRIFT,0.230260,
189,189,BEND,0.670431,2
190,190,DRIFT,0.112500,
191,191,DRIFT,0.050309,
192,192,DRIFT,0.049691,
193,193,DRIFT,0.075000,
194,194,SEXT,0.175000,2
195,195,DRIFT,0.075000,
196,196,DRIFT,0.100000,
197,197,DRIFT,0.069280,
198,198,QUAD,0.250000,2
199,199,DRIFT,0.000559,
200,200,DRIFT,0.003000,
201,201,DRIFT,0.168941,
202,202,SEXT,0.175000,2
203,203,DRIFT,0.112500,
204,204,QUAD,0.250000,2
205,205,DRIFT,0.061559,
206,206,DRIFT,0.003000,
207,207,DRIFT,0.113000,
208,208,DRIFT,0.048442,
209,209,DRIFT,0.086001,
210,210,DRIFT,0.130999,
211,211,DRIFT,0.100000,
212,212,BPM,0.000000,2
213,213,DRIFT,0.002500,
214,214,DRIFT,1.119500,
215,215,DRIFT,0.050000,
216,216,HCHICA,0.000000,
217,217,DRIFT,0.050000,
218,218,DRIFT,0.281500,
219,219,DRIFT,0.150000,
220,220,HTRIM,0.000000,2
221,221,VTRIM,0.000000,2
222,222,DRIFT,0.150000,
223,223,DRIFT,0.976500,
224,224,source,0.000000,
225,225,DRIFT,0.976500,
226,226,DRIFT,0.150000,
227,227,HTRIM,0.000000,2
228,228,VTRIM,0.000000,2
229,229,DRIFT,0.150000,
230,230,DRIFT,0.055000,
231,231,DRIFT,0.050000,
232,232,HCHICA,0.000000,
233,233,DRIFT,0.050000,
234,234,DRIFT,0.907000,
235,235,DRIFT,0.050000,
236,236,HCHICA,0.000000,
237,237,DRIFT,0.050000,
238,238,DRIFT,0.439000,
239,239,DRIFT,0.002500,
240,240,BPM,0.000000,3
241,241,DRIFT,1.288300,
242,242,QUAD,0.406400,3
243,243,DRIFT,0.146800,
244,244,DRIFT,0.005000,
245,245,SEXT,0.290000,3
246,246,DRIFT,0.005000,
247,247,DRIFT,0.231850,
248,248,QUAD,0.606300,3
249,249,DRIFT,0.458350,
250,250,QUAD,0.307000,3
251,251,DRIFT,0.196500,
252,252,DRIFT,0.005000,
253,253,SEXT,0.290000,3
254,254,DRIFT,0.005000,
255,255,DRIFT,0.185000,
256,256,BPM,0.000000,3
257,257,DRIFT,0.484000,
258,258,BEND,0.933000,3
259,259,DRIFT,0.585800,
260,260,QUAD,0.406400,3
261,261,DRIFT,0.158300,
262,262,BPM,0.000000,3
263,263,DRIFT,0.263500,
264,264,DRIFT,0.005000,
265,265,SEXT,0.190000,3
266,266,DRIFT,0.005000,
267,267,DRIFT,0.195200,
268,268,QUAD,0.407600,3
269,269,DRIFT,0.118700,
270,270,BPM,0.000000,3
271,271,DRIFT,0.116000,
272,272,DRIFT,0.005000,
273,273,SEXT,0.290000,3
274,274,DRIFT,0.005000,
275,275,DRIFT,0.234700,
276,276,QUAD,0.407600,3
277,277,DRIFT,0.195200,
278,278,DRIFT,0.005000,
279,279,SEXT,0.190000,3
280,280,DRIFT,0.005000,
281,281,DRIFT,0.421800,
282,282,QUAD,0.406400,3
283,283,DRIFT,0.101800,
284,284,BPM,0.000000,3
285,285,DRIFT,0.484000,
286,286,BEND,0.933000,3
287,287,DRIFT,0.669000,
288,288,DRIFT,0.005000,
289,289,SEXT,0.290000,3
290,290,DRIFT,0.005000,
291,291,DRIFT,0.196500,
292,292,QUAD,0.307000,3
293,293,DRIFT,0.173000,
294,294,BPM,0.000000,3
295,295,DRIFT,0.285350,
296,296,QUAD,0.606300,3
297,297,DRIFT,0.231850,
298,298,DRIFT,0.005000,
299,299,SEXT,0.290000,3
300,300,DRIFT,0.005000,
301,301,DRIFT,0.146800,
302,302,QUAD,0.406400,3
303,303,DRIFT,1.288300,
304,304,BPM,0.000000,3
305,305,DRIFT,0.002500,
306,306,DRIFT,1.219500,
307,307,DRIFT,0.050000,
308,308,HCHICA,0.000000,
309,309,DRIFT,0.050000,
310,310,DRIFT,0.280500,
311,311,DRIFT,0.150000,
312,312,HTRIM,0.000000,3
313,313,VTRIM,0.000000,3
314,314,DRIFT,0.150000,
315,315,DRIFT,0.977500,
316,316,source,0.000000,
317,317,DRIFT,0.977500,
318,318,DRIFT,0.150000,
319,319,HTRIM,0.000000,3
320,320,VTRIM,0.000000,3
321,321,DRIFT,0.150000,
322,322,DRIFT,0.054000,
323,323,DRIFT,0.050000,
324,324,HCHICA,0.000000,
325,325,DRIFT,0.050000,
326,326,DRIFT,0.150000,
327,327,HTRIM,0.000000,4
328,328,VTRIM,0.000000,4
329,329,DRIFT,0.150000,
330,330,DRIFT,0.153500,
331,331,source,0.000000,
332,332,DRIFT,0.153500,
333,333,DRIFT,0.150000,
334,334,HTRIM,0.000000,4
335,335,VTRIM,0.000000,4
336,336,DRIFT,0.150000,
337,337,DRIFT,0.050000,
338,338,HCHICA,0.000000,
339,339,DRIFT,0.050000,
340,340,DRIFT,0.439000,
341,341,DRIFT,0.002500,
342,342,BPM,0.000000,4
343,343,DRIFT,1.288300,
344,344,QUAD,0.406400,4
345,345,DRIFT,0.146800,
346,346,DRIFT,0.005000,
347,347,SEXT,0.290000,4
348,348,DRIFT,0.005000,
349,349,DRIFT,0.231850,
350,350,QUAD,0.606300,4
351,351,DRIFT,0.458350,
352,352,QUAD,0.307000,4
353,353,DRIFT,0.196500,
354,354,DRIFT,0.005000,
355,355,SEXT,0.290000,4
356,356,DRIFT,0.005000,
357,357,DRIFT,0.185000,
358,358,BPM,0.000000,4
359,359,DRIFT,0.484000,
360,360,BEND,0.933000,4
361,361,DRIFT,0.585800,
362,362,QUAD,0.406400,4
363,363,DRIFT,0.158300,
364,364,BPM,0.000000,4
365,365,DRIFT,0.263500,
366,366,DRIFT,0.005000,
367,367,SEXT,0.190000,4
368,368,DRIFT,0.005000,
369,369,DRIFT,0.195200,
370,370,QUAD,0.407600,4
371,371,DRIFT,0.118700,
372,372,BPM,0.000000,4
373,373,DRIFT,0.116000,
374,374,DRIFT,0.005000,
375,375,SEXT,0.290000,4
376,376,DRIFT,0.005000,
377,377,DRIFT,0.234700,
378,378,QUAD,0.407600,4
379,379,DRIFT,0.195200,
380,380,DRIFT,0.005000,
381,381,SEXT,0.190000,4
382,382,DRIFT,0.005000,
383,383,DRIFT,0.421800,
384,384,QUAD,0.406400,4
385,385,DRIFT,0.101800,
386,386,BPM,0.000000,4
387,387,DRIFT,0.484000,
388,388,BEND,0.933000,4
389,389,DRIFT,0.669000,
390,390,DRIFT,0.005000,
391,391,SEXT,0.290000,4
392,392,DRIFT,0.005000,
393,393,DRIFT,0.196500,
394,394,QUAD,0.307000,4
395,395,DRIFT,0.173000,
396,396,BPM,0.000000,4
397,397,DRIFT,0.285350,
398,398,QUAD,0.606300,4
399,399,DRIFT,0.231850,
400,400,DRIFT,0.005000,
401,401,SEXT,0.290000,4
402,402,DRIFT,0.005000,
403,403,DRIFT,0.146800,
404,404,QUAD,0.406400,4
405,405,DRIFT,1.288300,
406,406,BPM,0.000000,4
407,407,DRIFT,0.002500,
408,408,DRIFT,1.172500,
409,409,DRIFT,0.150000,
410,410,HTRIM,0.000000,4
411,411,VTRIM,0.000000,4
412,412,DRIFT,0.150000,
413,413,DRIFT,2.905000,
414,414,source,0.000000,
415,415,DRIFT,2.905000,
416,416,DRIFT,0.150000,
417,417,HTRIM,0.000000,4
418,418,VTRIM,0.000000,4
419,419,DRIFT,0.150000,
420,420,AP,0.000000,
421,421,DRIFT,1.172500,
422,422,DRIFT,0.002500,
423,423,BPM,0.000000,5
424,424,DRIFT,1.288300,
425,425,QUAD,0.406400,5
426,426,DRIFT,0.146800,
427,427,DRIFT,0.005000,
428,428,SEXT,0.290000,5
429,429,DRIFT,0.005000,
430,430,DRIFT,0.231850,
431,431,QUAD,0.606300,5
432,432,DRIFT,0.458350,
433,433,QUAD,0.307000,5
434,434,DRIFT,0.196500,
435,435,DRIFT,0.005000,
436,436,SEXT,0.290000,5
437,437,DRIFT,0.005000,
438,438,DRIFT,0.185000,
439,439,BPM,0.000000,5
440,440,DRIFT,0.484000,
441,441,BEND,0.933000,5
442,442,DRIFT,0.585800,
443,443,QUAD,0.406400,5
444,444,DRIFT,0.158300,
445,445,BPM,0.000000,5
446,446,DRIFT,0.263500,
447,447,DRIFT,0.005000,
448,448,SEXT,0.190000,5
449,449,DRIFT,0.005000,
450,450,DRIFT,0.195200,
451,451,QUAD,0.407600,5
452,452,DRIFT,0.118700,
453,453,BPM,0.000000,5
454,454,DRIFT,0.116000,
455,455,DRIFT,0.005000,
456,456,SEXT,0.290000,5
457,457,DRIFT,0.005000,
458,458,DRIFT,0.234700,
459,459,QUAD,0.407600,5
460,460,DRIFT,0.195200,
461,461,DRIFT,0.005000,
462,462,SEXT,0.190000,5
463,463,DRIFT,0.005000,
464,464,DRIFT,0.421800,
465,465,QUAD,0.406400,5
466,466,DRIFT,0.101800,
467,467,BPM,0.000000,5
468,468,DRIFT,0.484000,
469,469,BEND,0.933000,5
470,470,DRIFT,0.669000,
471,471,DRIFT,0.005000,
472,472,SEXT,0.290000,5
473,473,DRIFT,0.005000,
474,474,DRIFT,0.196500,
475,475,QUAD,0.307000,5
476,476,DRIFT,0.173000,
477,477,BPM,0.000000,5
478,478,DRIFT,0.285350,
479,479,QUAD,0.606300,5
480,480,DRIFT,0.231850,
481,481,DRIFT,0.005000,
482,482,SEXT,0.290000,5
483,483,DRIFT,0.005000,
484,484,DRIFT,0.146800,
485,485,QUAD,0.406400,5
486,486,DRIFT,1.288300,
487,487,BPM,0.000000,5
488,488,DRIFT,0.002500,
489,489,DRIFT,0.465500,
490,490,DRIFT,0.075000,
491,491,HTRIM,0.000000,5
492,492,VTRIM,0.000000,5
493,493,DRIFT,0.075000,
494,494,DRIFT,1.056000,
495,495,source,0.000000,
496,496,DRIFT,1.056000,
497,497,DRIFT,0.075000,
498,498,HTRIM,0.000000,5
499,499,VTRIM,0.000000,5
500,500,DRIFT,0.075000,
501,501,DRIFT,0.075000,
502,502,HTRIM,0.000000,6
503,503,VTRIM,0.000000,6
504,504,DRIFT,0.075000,
505,505,DRIFT,1.056000,
506,506,source,0.000000,
507,507,DRIFT,1.056000,
508,508,DRIFT,0.075000,
509,509,HTRIM,0.000000,6
510,510,VTRIM,0.000000,6
511,511,DRIFT,0.075000,
512,512,DRIFT,0.465500,
513,513,DRIFT,0.002500,
514,514,BPM,0.000000,6
515,515,DRIFT,1.288300,
516,516,QUAD,0.406400,6
517,517,DRIFT,0.146800,
518,518,DRIFT,0.005000,
519,519,SEXT,0.290000,6
520,520,DRIFT,0.005000,
521,521,DRIFT,0.231850,
522,522,QUAD,0.606300,6
523,523,DRIFT,0.458350,
524,524,QUAD,0.307000,6
525,525,DRIFT,0.196500,
526,526,DRIFT,0.005000,
527,527,SEXT,0.290000,6
528,528,DRIFT,0.005000,
529,529,DRIFT,0.185000,
530,530,BPM,0.000000,6
531,531,DRIFT,0.484000,
532,532,BEND,0.933000,6
533,533,DRIFT,0.585800,
534,534,QUAD,0.406400,6
535,535,DRIFT,0.158300,
536,536,BPM,0.000000,6
537,537,DRIFT,0.263500,
538,538,DRIFT,0.005000,
539,539,SEXT,0.190000,6
540,540,DRIFT,0.005000,
541,541,DRIFT,0.195200,
542,542,QUAD,0.407600,6
543,543,DRIFT,0.118700,
544,544,BPM,0.000000,6
545,545,DRIFT,0.116000,
546,546,DRIFT,0.005000,
547,547,SEXT,0.290000,6
548,548,DRIFT,0.005000,
549,549,DRIFT,0.234700,
550,550,QUAD,0.407600,6
551,551,DRIFT,0.195200,
552,552,DRIFT,0.005000,
553,553,SEXT,0.190000,6
554,554,DRIFT,0.005000,
555,555,DRIFT,0.421800,
556,556,QUAD,0.406400,6
557,557,DRIFT,0.101800,
558,558,BPM,0.000000,6
559,559,DRIFT,0.484000,
560,560,BEND,0.933000,6
561,561,DRIFT,0.669000,
562,562,DRIFT,0.005000,
563,563,SEXT,0.290000,6
564,564,DRIFT,0.005000,
565,565,DRIFT,0.196500,
566,566,QUAD,0.307000,6
567,567,DRIFT,0.173000,
568,568,BPM,0.000000,6
569,569,DRIFT,0.285350,
570,570,QUAD,0.606300,6
571,571,DRIFT,0.231850,
572,572,DRIFT,0.005000,
573,573,SEXT,0.290000,6
574,574,DRIFT,0.005000,
575,575,DRIFT,0.146800,
576,576,QUAD,0.406400,6
577,577,DRIFT,1.288300,
578,578,BPM,0.000000,6
579,579,DRIFT,0.002500,
580,580,DRIFT,1.219500,
581,581,DRIFT,0.050000,
582,582,HCHICA,0.000000,
583,583,DRIFT,0.050000,
584,584,DRIFT,0.280500,
585,585,DRIFT,0.150000,
586,586,HTRIM,0.000000,6
587,587,VTRIM,0.000000,6
588,588,DRIFT,0.150000,
589,589,DRIFT,0.977500,
590,590,source,0.000000,
591,591,DRIFT,0.977500,
592,592,DRIFT,0.150000,
593,593,HTRIM,0.000000,6
594,594,VTRIM,0.000000,6
595,595,DRIFT,0.150000,
596,596,DRIFT,0.054000,
597,597,DRIFT,0.050000,
598,598,HCHICA,0.000000,
599,599,DRIFT,0.050000,
600,600,DRIFT,0.907000,
601,601,DRIFT,0.050000,
602,602,HCHICA,0.000000,
603,603,DRIFT,0.050000,
604,604,DRIFT,0.439000,
605,605,DRIFT,0.002500,
606,606,BPM,0.000000,7
607,607,DRIFT,1.288300,
608,608,QUAD,0.406400,7
609,609,DRIFT,0.146800,
610,610,DRIFT,0.005000,
611,611,SEXT,0.290000,7
612,612,DRIFT,0.005000,
613,613,DRIFT,0.231850,
614,614,QUAD,0.606300,7
615,615,DRIFT,0.458350,
616,616,QUAD,0.307000,7
617,617,DRIFT,0.196500,
618,618,DRIFT,0.005000,
619,619,SEXT,0.290000,7
620,620,DRIFT,0.005000,
621,621,DRIFT,0.185000,
622,622,BPM,0.000000,7
623,623,DRIFT,0.484000,
624,624,BEND,0.933000,7
625,625,DRIFT,0.585800,
626,626,QUAD,0.406400,7
627,627,DRIFT,0.158300,
628,628,BPM,0.000000,7
629,629,DRIFT,0.263500,
630,630,DRIFT,0.005000,
631,631,SEXT,0.190000,7
632,632,DRIFT,0.005000,
633,633,DRIFT,0.195200,
634,634,QUAD,0.407600,7
635,635,DRIFT,0.118700,
636,636,BPM,0.000000,7
637,637,DRIFT,0.116000,
638,638,DRIFT,0.005000,
639,639,SEXT,0.290000,7
640,640,DRIFT,0.005000,
641,641,DRIFT,0.234700,
642,642,QUAD,0.407600,7
643,643,DRIFT,0.195200,
644,644,DRIFT,0.005000,
645,645,SEXT,0.190000,7
646,646,DRIFT,0.005000,
647,647,DRIFT,0.421800,
648,648,QUAD,0.406400,7
649,649,DRIFT,0.101800,
650,650,BPM,0.000000,7
651,651,DRIFT,0.484000,
652,652,source,0.000000,
653,653,BEND,0.933000,7
654,654,DRIFT,0.669000,
655,655,DRIFT,0.005000,
656,656,SEXT,0.290000,7
657,657,DRIFT,0.005000,
658,658,DRIFT,0.196500,
659,659,QUAD,0.307000,7
660,660,DRIFT,0.173000,
661,661,BPM,0.000000,7
662,662,DRIFT,0.285350,
663,663,QUAD,0.606300,7
664,664,DRIFT,0.231850,
665,665,DRIFT,0.005000,
666,666,SEXT,0.290000,7
667,667,DRIFT,0.005000,
668,668,DRIFT,0.146800,
669,669,QUAD,0.406400,7
670,670,DRIFT,1.288300,
671,671,BPM,0.000000,7
672,672,DRIFT,0.002500,
673,673,DRIFT,0.150000,
674,674,HTRIM,0.000000,7
675,675,VTRIM,0.000000,7
676,676,DRIFT,0.150000,
677,677,DRIFT,2.577500,
678,678,source,0.000000,
679,679,DRIFT,2.577500,
680,680,DRIFT,0.150000,
681,681,HTRIM,0.000000,7
682,682,VTRIM,0.000000,7
683,683,DRIFT,0.150000,
684,684,DRIFT,0.002500,
685,685,BPM,0.000000,8
686,686,DRIFT,1.288300,
687,687,QUAD,0.406400,8
688,688,DRIFT,0.146800,
689,689,DRIFT,0.005000,
690,690,SEXT,0.290000,8
691,691,DRIFT,0.005000,
692,692,DRIFT,0.231850,
693,693,QUAD,0.606300,8
694,694,DRIFT,0.458350,
695,695,QUAD,0.307000,8
696,696,DRIFT,0.196500,
697,697,DRIFT,0.005000,
698,698,SEXT,0.290000,8
699,699,DRIFT,0.005000,
700,700,DRIFT,0.185000,
701,701,BPM,0.000000,8
702,702,DRIFT,0.484000,
703,703,BEND,0.933000,8
704,704,DRIFT,0.585800,
705,705,QUAD,0.406400,8
706,706,DRIFT,0.158300,
707,707,BPM,0.000000,8
708,708,DRIFT,0.263500,
709,709,DRIFT,0.005000,
710,710,SEXT,0.190000,8
711,711,DRIFT,0.005000,
712,712,DRIFT,0.195200,
713,713,QUAD,0.407600,8
714,714,DRIFT,0.118700,
715,715,BPM,0.000000,8
716,716,DRIFT,0.116000,
717,717,DRIFT,0.005000,
718,718,SEXT,0.290000,8
719,719,DRIFT,0.005000,
720,720,DRIFT,0.234700,
721,721,QUAD,0.407600,8
722,722,DRIFT,0.195200,
723,723,DRIFT,0.005000,
724,724,SEXT,0.190000,8
725,725,DRIFT,0.005000,
726,726,DRIFT,0.421800,
727,727,QUAD,0.406400,8
728,728,DRIFT,0.101800,
729,729,BPM,0.000000,8
730,730,DRIFT,0.484000,
731,731,BEND,0.933000,8
732,732,DRIFT,0.669000,
733,733,DRIFT,0.005000,
734,734,SEXT,0.290000,8
735,735,DRIFT,0.005000,
736,736,DRIFT,0.196500,
737,737,QUAD,0.307000,8
738,738,DRIFT,0.173000,
739,739,BPM,0.000000,8
740,740,DRIFT,0.285350,
741,741,QUAD,0.606300,8
742,742,DRIFT,0.231850,
743,743,DRIFT,0.005000,
744,744,SEXT,0.290000,8
745,745,DRIFT,0.005000,
746,746,DRIFT,0.146800,
747,747,QUAD,0.406400,8
748,748,DRIFT,0.288340,
749,749,QUAD,0.300000,9
750,750,DRIFT,0.152700,
751,751,DRIFT,0.050000,
752,752,HCHICA,0.000000,
753,753,DRIFT,0.050000,
754,754,DRIFT,0.310760,
755,755,BPM,0.000000,8
756,756,DRIFT,0.150000,
757,757,HTRIM,0.000000,8
758,758,VTRIM,0.000000,8
759,759,DRIFT,0.150000,
760,760,DRIFT,1.202995,
761,761,source,0.000000,
762,762,DRIFT,1.202995,
763,763,DRIFT,0.150000,
764,764,HTRIM,0.000000,8
765,765,VTRIM,0.000000,8
766,766,DRIFT,0.150000,
767,767,BPM,0.000000,9
768,768,DRIFT,0.260100,
769,769,HSTR,0.000000,
770,770,VSTR,0.000000,
771,771,DRIFT,0.564080,
772,772,DRIFT,0.050000,
773,773,HCHICA,0.000000,
774,774,DRIFT,0.050000,
775,775,DRIFT,0.386070,
776,776,QUAD,0.600000,9
777,777,DRIFT,0.200000,
778,778,QUAD,0.400000,9
779,779,DRIFT,0.092530,
780,780,BPM,0.000000,9
781,781,DRIFT,0.080890,
782,782,HSTR,0.000000,
783,783,VSTR,0.000000,
784,784,DRIFT,0.150000,
785,785,HTRIM,0.000000,9
786,786,VTRIM,0.000000,9
787,787,DRIFT,0.150000,
788,788,DRIFT,1.426070,
789,789,source,0.000000,
790,790,DRIFT,1.426070,
791,791,DRIFT,0.150000,
792,792,HTRIM,0.000000,9
793,793,VTRIM,0.000000,9
794,794,DRIFT,0.150000,
795,795,BPM,0.000000,9
796,796,DRIFT,0.308440,
797,797,DRIFT,0.050000,
798,798,HCHICA,0.000000,
799,799,DRIFT,0.050000,
800,800,DRIFT,0.137760,
801,801,QUAD,0.300000,9
802,802,DRIFT,0.196800,
803,803,QUAD,0.406400,9
804,804,DRIFT,0.146800,
805,805,DRIFT,0.005000,
806,806,SEXT,0.290000,9
807,807,DRIFT,0.005000,
808,808,DRIFT,0.231850,
809,809,QUAD,0.606300,9
810,810,DRIFT,0.458350,
811,811,QUAD,0.307000,9
812,812,DRIFT,0.196500,
813,813,DRIFT,0.005000,
814,814,SEXT,0.290000,9
815,815,DRIFT,0.005000,
816,816,DRIFT,0.185000,
817,817,BPM,0.000000,9
818,818,DRIFT,0.484000,
819,819,BEND,0.933000,9
820,820,DRIFT,0.585800,
821,821,QUAD,0.406400,9
822,822,DRIFT,0.158300,
823,823,BPM,0.000000,9
824,824,DRIFT,0.263500,
825,825,DRIFT,0.005000,
826,826,SEXT,0.190000,9
827,827,DRIFT,0.005000,
828,828,DRIFT,0.195200,
829,829,QUAD,0.407600,9
830,830,DRIFT,0.118700,
831,831,BPM,0.000000,9
832,832,DRIFT,0.116000,
833,833,DRIFT,0.005000,
834,834,SEXT,0.290000,9
835,835,DRIFT,0.005000,
836,836,DRIFT,0.234700,
837,837,QUAD,0.407600,9
838,838,DRIFT,0.195200,
839,839,DRIFT,0.005000,
840,840,SEXT,0.190000,9
841,841,DRIFT,0.005000,
842,842,DRIFT,0.421800,
843,843,QUAD,0.406400,9
844,844,DRIFT,0.101800,
845,845,BPM,0.000000,9
846,846,DRIFT,0.484000,
847,847,BEND,0.933000,9
848,848,DRIFT,0.669000,
849,849,DRIFT,0.005000,
850,850,SEXT,0.290000,9
851,851,DRIFT,0.005000,
852,852,DRIFT,0.196500,
853,853,QUAD,0.307000,9
854,854,DRIFT,0.173000,
855,855,BPM,0.000000,9
856,856,DRIFT,0.285350,
857,857,QUAD,0.606300,9
858,858,DRIFT,0.231850,
859,859,DRIFT,0.005000,
860,860,SEXT,0.290000,9
861,861,DRIFT,0.005000,
862,862,DRIFT,0.146800,
863,863,QUAD,0.406400,9
864,864,DRIFT,0.150600,
865,865,BPM,0.000000,9
866,866,DRIFT,0.234100,
867,867,DRIFT,0.050000,
868,868,HCHICA,0.000000,
869,869,DRIFT,0.050000,
870,870,DRIFT,0.727600,
871,871,DRIFT,0.050000,
872,872,HCHICA,0.000000,
873,873,DRIFT,0.050000,
874,874,DRIFT,0.539000,
875,875,DRIFT,0.150000,
876,876,HTRIM,0.000000,9
877,877,VTRIM,0.000000,9
878,878,DRIFT,0.150000,
879,879,DRIFT,0.785000,
880,880,source,0.000000,
881,881,DRIFT,0.785000,
882,882,DRIFT,0.150000,
883,883,HTRIM,0.000000,9
884,884,VTRIM,0.000000,9
885,885,DRIFT,0.150000,
886,886,DRIFT,0.059500,
887,887,BPM10,0.000000,
888,888,DRIFT,0.037500,
889,889,DRIFT,0.050000,
890,890,HCHICA,0.000000,
891,891,DRIFT,0.050000,
892,892,DRIFT,0.037500,
893,893,BPM10,0.000000,
894,894,DRIFT,0.059500,
895,895,DRIFT,0.150000,
896,896,HTRIM,0.000000,10
897,897,VTRIM,0.000000,10
898,898,DRIFT,0.150000,
899,899,DRIFT,0.785000,
900,900,source,0.000000,
901,901,DRIFT,0.785000,
902,902,DRIFT,0.150000,
903,903,HTRIM,0.000000,10
904,904,VTRIM,0.000000,10
905,905,DRIFT,0.150000,
906,906,DRIFT,0.539000,
907,907,DRIFT,0.050000,
908,908,HCHICA,0.000000,
909,909,DRIFT,0.050000,
910,910,DRIFT,0.727600,
911,911,DRIFT,0.050000,
912,912,HCHICA,0.000000,
913,913,DRIFT,0.050000,
914,914,DRIFT,0.234600,
915,915,BPM,0.000000,10
916,916,DRIFT,0.150100,
917,917,QUAD,0.406400,10
918,918,DRIFT,0.146800,
919,919,DRIFT,0.005000,
920,920,SEXT,0.290000,10
921,921,DRIFT,0.005000,
922,922,DRIFT,0.231850,
923,923,QUAD,0.606300,10
924,924,DRIFT,0.458350,
925,925,QUAD,0.307000,10
926,926,DRIFT,0.196500,
927,927,DRIFT,0.005000,
928,928,SEXT,0.290000,10
929,929,DRIFT,0.005000,
930,930,DRIFT,0.185000,
931,931,BPM,0.000000,10
932,932,DRIFT,0.484000,
933,933,BEND,0.933000,10
934,934,DRIFT,0.585800,
935,935,QUAD,0.406400,10
936,936,DRIFT,0.158300,
937,937,BPM,0.000000,10
938,938,DRIFT,0.263500,
939,939,DRIFT,0.005000,
940,940,SEXT,0.190000,10
941,941,DRIFT,0.005000,
942,942,DRIFT,0.195200,
943,943,QUAD,0.407600,10
944,944,DRIFT,0.118700,
945,945,BPM,0.000000,10
946,946,DRIFT,0.116000,
947,947,DRIFT,0.005000,
948,948,SEXT,0.290000,10
949,949,DRIFT,0.005000,
950,950,DRIFT,0.234700,
951,951,QUAD,0.407600,10
952,952,DRIFT,0.195200,
953,953,DRIFT,0.005000,
954,954,SEXT,0.190000,10
955,955,DRIFT,0.005000,
956,956,DRIFT,0.421800,
957,957,QUAD,0.406400,10
958,958,DRIFT,0.101800,
959,959,BPM,0.000000,10
960,960,DRIFT,0.484000,
961,961,BEND,0.933000,10
962,962,DRIFT,0.669000,
963,963,DRIFT,0.005000,
964,964,SEXT,0.290000,10
965,965,DRIFT,0.005000,
966,966,DRIFT,0.196500,
967,967,QUAD,0.307000,10
968,968,DRIFT,0.173000,
969,969,BPM,0.000000,10
970,970,DRIFT,0.285350,
971,971,QUAD,0.606300,10
972,972,DRIFT,0.231850,
973,973,DRIFT,0.005000,
974,974,SEXT,0.290000,10
975,975,DRIFT,0.005000,
976,976,DRIFT,0.146800,
977,977,QUAD,0.406400,10
978,978,DRIFT,1.288300,
979,979,BPM,0.000000,10
980,980,DRIFT,0.002500,
981,981,DRIFT,0.150000,
982,982,HTRIM,0.000000,10
983,983,VTRIM,0.000000,10
984,984,DRIFT,0.150000,
985,985,DRIFT,2.577500,
986,986,source,0.000000,
987,987,DRIFT,2.577500,
988,988,DRIFT,0.150000,
989,989,HTRIM,0.000000,10
990,990,VTRIM,0.000000,10
991,991,DRIFT,0.150000,
992,992,DRIFT,0.002500,
993,993,BPM,0.000000,11
994,994,DRIFT,1.288300,
995,995,QUAD,0.406400,11
996,996,DRIFT,0.146800,
997,997,DRIFT,0.005000,
998,998,SEXT,0.290000,11
999,999,DRIFT,0.005000,
1000,1000,DRIFT,0.231850,
1001,1001,QUAD,0.606300,11
1002,1002,DRIFT,0.458350,
1003,1003,QUAD,0.307000,11
1004,1004,DRIFT,0.196500,
1005,1005,DRIFT,0.005000,
1006,1006,SEXT,0.290000,11
1007,1007,DRIFT,0.005000,
1008,1008,DRIFT,0.185000,
1009,1009,BPM,0.000000,11
1010,1010,DRIFT,0.484000,
1011,1011,BEND,0.933000,11
1012,1012,DRIFT,0.585800,
1013,1013,QUAD,0.406400,11
1014,1014,DRIFT,0.158300,
1015,1015,BPM,0.000000,11
1016,1016,DRIFT,0.263500,
1017,1017,DRIFT,0.005000,
1018,1018,SEXT,0.190000,11
1019,1019,DRIFT,0.005000,
1020,1020,DRIFT,0.195200,
1021,1021,QUAD,0.407600,11
1022,1022,DRIFT,0.118700,
1023,1023,BPM,0.000000,11
1024,1024,DRIFT,0.116000,
1025,1025,DRIFT,0.005000,
1026,1026,SEXT,0.290000,11
1027,1027,DRIFT,0.005000,
1028,1028,DRIFT,0.234700,
1029,1029,QUAD,0.407600,11
1030,1030,DRIFT,0.195200,
1031,1031,DRIFT,0.005000,
1032,1032,SEXT,0.190000,11
1033,1033,DRIFT,0.005000,
1034,1034,DRIFT,0.421800,
1035,1035,QUAD,0.406400,11
1036,1036,DRIFT,0.101800,
1037,1037,BPM,0.000000,11
1038,1038,DRIFT,0.484000,
1039,1039,BEND,0.933000,11
1040,1040,DRIFT,0.669000,
1041,1041,DRIFT,0.005000,
1042,1042,SEXT,0.290000,11
1043,1043,DRIFT,0.005000,
1044,1044,DRIFT,0.196500,
1045,1045,QUAD,0.307000,11
1046,1046,DRIFT,0.173000,
1047,1047,BPM,0.000000,11
1048,1048,DRIFT,0.285350,
1049,1049,QUAD,0.606300,11
1050,1050,DRIFT,0.231850,
1051,1051,DRIFT,0.005000,
1052,1052,SEXT,0.290000,11
1053,1053,DRIFT,0.005000,
1054,1054,DRIFT,0.146800,
1055,1055,QUAD,0.406400,11
1056,1056,DRIFT,1.288300,
1057,1057,BPM,0.000000,11
1058,1058,DRIFT,0.002500,
1059,1059,DRIFT,2.002500,
1060,1060,DRIFT,0.150000,
1061,1061,HTRIM,0.000000,11
1062,1062,VTRIM,0.000000,11
1063,1063,DRIFT,0.150000,
1064,1064,MPW12,1.150000,
1065,1065,DRIFT,0.150000,
1066,1066,HTRIM,0.000000,11
1067,1067,VTRIM,0.000000,11
1068,1068,DRIFT,0.150000,
1069,1069,DRIFT,2.002500,
1070,1070,DRIFT,0.002500,
1071,1071,BPM,0.000000,12
1072,1072,DRIFT,1.288300,
1073,1073,QUAD,0.406400,12
1074,1074,DRIFT,0.146800,
1075,1075,DRIFT,0.005000,
1076,1076,SEXT,0.290000,12
1077,1077,DRIFT,0.005000,
1078,1078,DRIFT,0.231850,
1079,1079,QUAD,0.606300,12
1080,1080,DRIFT,0.458350,
1081,1081,QUAD,0.307000,12
1082,1082,DRIFT,0.196500,
1083,1083,DRIFT,0.005000,
1084,1084,SEXT,0.290000,12
1085,1085,DRIFT,0.005000,
1086,1086,DRIFT,0.185000,
1087,1087,BPM,0.000000,12
1088,1088,DRIFT,0.484000,
1089,1089,BEND,0.933000,12
1090,1090,DRIFT,0.585800,
1091,1091,QUAD,0.406400,12
1092,1092,DRIFT,0.158300,
1093,1093,BPM,0.000000,12
1094,1094,DRIFT,0.263500,
1095,1095,DRIFT,0.005000,
1096,1096,SEXT,0.190000,12
1097,1097,DRIFT,0.005000,
1098,1098,DRIFT,0.195200,
1099,1099,QUAD,0.407600,12
1100,1100,DRIFT,0.118700,
1101,1101,BPM,0.000000,12
1102,1102,DRIFT,0.116000,
1103,1103,DRIFT,0.005000,
1104,1104,SEXT,0.290000,12
1105,1105,DRIFT,0.005000,
1106,1106,DRIFT,0.234700,
1107,1107,QUAD,0.407600,12
1108,1108,DRIFT,0.195200,
1109,1109,DRIFT,0.005000,
1110,1110,SEXT,0.190000,12
1111,1111,DRIFT,0.005000,
1112,1112,DRIFT,0.421800,
1113,1113,QUAD,0.406400,12
1114,1114,DRIFT,0.101800,
1115,1115,BPM,0.000000,12
1116,1116,DRIFT,0.484000,
1117,1117,BEND,0.933000,12
1118,1118,DRIFT,0.669000,
1119,1119,DRIFT,0.005000,
1120,1120,SEXT,0.290000,12
1121,1121,DRIFT,0.005000,
1122,1122,DRIFT,0.196500,
1123,1123,QUAD,0.307000,12
1124,1124,DRIFT,0.173000,
1125,1125,BPM,0.000000,12
1126,1126,DRIFT,0.285350,
1127,1127,QUAD,0.606300,12
1128,1128,DRIFT,0.231850,
1129,1129,DRIFT,0.005000,
1130,1130,SEXT,0.290000,12
1131,1131,DRIFT,0.005000,
1132,1132,DRIFT,0.146800,
1133,1133,QUAD,0.406400,12
1134,1134,DRIFT,0.288340,
1135,1135,QUAD,0.300000,13
1136,1136,DRIFT,0.152700,
1137,1137,DRIFT,0.050000,
1138,1138,HCHICA,0.000000,
1139,1139,DRIFT,0.050000,
1140,1140,DRIFT,0.310760,
1141,1141,BPM,0.000000,12
1142,1142,DRIFT,0.150000,
1143,1143,HTRIM,0.000000,12
1144,1144,VTRIM,0.000000,12
1145,1145,DRIFT,0.150000,
1146,1146,DRIFT,1.202985,
1147,1147,source,0.000000,
1148,1148,DRIFT,1.202985,
1149,1149,DRIFT,0.150000,
1150,1150,HTRIM,0.000000,12
1151,1151,VTRIM,0.000000,12
1152,1152,DRIFT,0.150000,
1153,1153,BPM,0.000000,13
1154,1154,DRIFT,0.259750,
1155,1155,HSTR,0.000000,
1156,1156,VSTR,0.000000,
1157,1157,DRIFT,0.564530,
1158,1158,DRIFT,0.050000,
1159,1159,HCHICA,0.000000,
1160,1160,DRIFT,0.050000,
1161,1161,DRIFT,0.385900,
1162,1162,QUAD,0.600000,13
1163,1163,DRIFT,0.200150,
1164,1164,QUAD,0.400000,13
1165,1165,DRIFT,0.092480,
1166,1166,BPM,0.000000,13
1167,1167,DRIFT,0.081290,
1168,1168,HSTR,0.000000,
1169,1169,VSTR,0.000000,
1170,1170,DRIFT,0.150000,
1171,1171,HTRIM,0.000000,13
1172,1172,VTRIM,0.000000,13
1173,1173,DRIFT,0.150000,
1174,1174,DRIFT,1.425865,
1175,1175,source,0.000000,
1176,1176,DRIFT,1.425865,
1177,1177,DRIFT,0.150000,
1178,1178,HTRIM,0.000000,13
1179,1179,VTRIM,0.000000,13
1180,1180,DRIFT,0.150000,
1181,1181,BPM,0.000000,13
1182,1182,DRIFT,0.308440,
1183,1183,DRIFT,0.050000,
1184,1184,HCHICA,0.000000,
1185,1185,DRIFT,0.050000,
1186,1186,DRIFT,0.137760,
1187,1187,QUAD,0.300000,13
1188,1188,DRIFT,0.196800,
1189,1189,QUAD,0.406400,13
1190,1190,DRIFT,0.146800,
1191,1191,DRIFT,0.005000,
1192,1192,SEXT,0.290000,13
1193,1193,DRIFT,0.005000,
1194,1194,DRIFT,0.231850,
1195,1195,QUAD,0.606300,13
1196,1196,DRIFT,0.458350,
1197,1197,QUAD,0.307000,13
1198,1198,DRIFT,0.196500,
1199,1199,DRIFT,0.005000,
1200,1200,SEXT,0.290000,13
1201,1201,DRIFT,0.005000,
1202,1202,DRIFT,0.185000,
1203,1203,BPM,0.000000,13
1204,1204,DRIFT,0.484000,
1205,1205,BEND,0.933000,13
1206,1206,DRIFT,0.585800,
1207,1207,QUAD,0.406400,13
1208,1208,DRIFT,0.158300,
1209,1209,BPM,0.000000,13
1210,1210,DRIFT,0.263500,
1211,1211,DRIFT,0.005000,
1212,1212,SEXT,0.190000,13
1213,1213,DRIFT,0.005000,
1214,1214,DRIFT,0.195200,
1215,1215,QUAD,0.407600,13
1216,1216,DRIFT,0.118700,
1217,1217,BPM,0.000000,13
1218,1218,DRIFT,0.116000,
1219,1219,DRIFT,0.005000,
1220,1220,SEXT,0.290000,13
1221,1221,DRIFT,0.005000,
1222,1222,DRIFT,0.234700,
1223,1223,QUAD,0.407600,13
1224,1224,DRIFT,0.195200,
1225,1225,DRIFT,0.005000,
1226,1226,SEXT,0.190000,13
1227,1227,DRIFT,0.005000,
1228,1228,DRIFT,0.421800,
1229,1229,QUAD,0.406400,13
1230,1230,DRIFT,0.101800,
1231,1231,BPM,0.000000,13
1232,1232,DRIFT,0.484000,
1233,1233,BEND,0.933000,13
1234,1234,DRIFT,0.669000,
1235,1235,DRIFT,0.005000,
1236,1236,SEXT,0.290000,13
1237,1237,DRIFT,0.005000,
1238,1238,DRIFT,0.196500,
1239,1239,QUAD,0.307000,13
1240,1240,DRIFT,0.173000,
1241,1241,BPM,0.000000,13
1242,1242,DRIFT,0.285350,
1243,1243,QUAD,0.606300,13
1244,1244,DRIFT,0.231850,
1245,1245,DRIFT,0.005000,
1246,1246,SEXT,0.290000,13
1247,1247,DRIFT,0.005000,
1248,1248,DRIFT,0.146800,
1249,1249,QUAD,0.406400,13
1250,1250,DRIFT,1.288300,
1251,1251,BPM,0.000000,13
1252,1252,DRIFT,0.002500,
1253,1253,DRIFT,0.150000,
1254,1254,HTRIM,0.000000,13
1255,1255,VTRIM,0.000000,13
1256,1256,DRIFT,0.150000,
1257,1257,DRIFT,2.577500,
1258,1258,source,0.000000,
1259,1259,DRIFT,2.577500,
1260,1260,DRIFT,0.150000,
1261,1261,HTRIM,0.000000,13
1262,1262,VTRIM,0.000000,13
1263,1263,DRIFT,0.150000,
1264,1264,DRIFT,0.002500,
1265,1265,BPM,0.000000,14
1266,1266,DRIFT,1.288300,
1267,1267,QUAD,0.406400,14
1268,1268,DRIFT,0.146800,
1269,1269,DRIFT,0.005000,
1270,1270,SEXT,0.290000,14
1271,1271,DRIFT,0.005000,
1272,1272,DRIFT,0.231850,
1273,1273,QUAD,0.606300,14
1274,1274,DRIFT,0.458350,
1275,1275,QUAD,0.307000,14
1276,1276,DRIFT,0.196500,
1277,1277,DRIFT,0.005000,
1278,1278,SEXT,0.290000,14
1279,1279,DRIFT,0.005000,
1280,1280,DRIFT,0.185000,
1281,1281,BPM,0.000000,14
1282,1282,DRIFT,0.484000,
1283,1283,BEND,0.933000,14
1284,1284,DRIFT,0.585800,
1285,1285,QUAD,0.406400,14
1286,1286,DRIFT,0.158300,
1287,1287,BPM,0.000000,14
1288,1288,DRIFT,0.263500,
1289,1289,DRIFT,0.005000,
1290,1290,SEXT,0.190000,14
1291,1291,DRIFT,0.005000,
1292,1292,DRIFT,0.195200,
1293,1293,QUAD,0.407600,14
1294,1294,DRIFT,0.118700,
1295,1295,BPM,0.000000,14
1296,1296,DRIFT,0.116000,
1297,1297,DRIFT,0.005000,
1298,1298,SEXT,0.290000,14
1299,1299,DRIFT,0.005000,
1300,1300,DRIFT,0.234700,
1301,1301,QUAD,0.407600,14
1302,1302,DRIFT,0.195200,
1303,1303,DRIFT,0.005000,
1304,1304,SEXT,0.190000,14
1305,1305,DRIFT,0.005000,
1306,1306,DRIFT,0.421800,
1307,1307,QUAD,0.406400,14
1308,1308,DRIFT,0.101800,
1309,1309,BPM,0.000000,14
1310,1310,DRIFT,0.484000,
1311,1311,BEND,0.933000,14
1312,1312,DRIFT,0.669000,
1313,1313,DRIFT,0.005000,
1314,1314,SEXT,0.290000,14
1315,1315,DRIFT,0.005000,
1316,1316,DRIFT,0.196500,
1317,1317,QUAD,0.307000,14
1318,1318,DRIFT,0.173000,
1319,1319,BPM,0.000000,14
1320,1320,DRIFT,0.285350,
1321,1321,QUAD,0.606300,14
1322,1322,DRIFT,0.231850,
1323,1323,DRIFT,0.005000,
1324,1324,SEXT,0.290000,14
1325,1325,DRIFT,0.005000,
1326,1326,DRIFT,0.146800,
1327,1327,QUAD,0.406400,14
1328,1328,DRIFT,1.288300,
1329,1329,BPM,0.000000,14
1330,1330,DRIFT,0.002500,
1331,1331,DRIFT,1.857500,
1332,1332,DRIFT,0.150000,
1333,1333,HTRIM,0.000000,14
1334,1334,VTRIM,0.000000,14
1335,1335,DRIFT,0.150000,
1336,1336,MPW15,1.440000,
1337,1337,DRIFT,0.150000,
1338,1338,HTRIM,0.000000,14
1339,1339,VTRIM,0.000000,14
1340,1340,DRIFT,0.150000,
1341,1341,DRIFT,1.857500,
1342,1342,DRIFT,0.002500,
1343,1343,BPM,0.000000,15
1344,1344,DRIFT,1.288300,
1345,1345,QUAD,0.406400,15
1346,1346,DRIFT,0.146800,
1347,1347,DRIFT,0.005000,
1348,1348,SEXT,0.290000,15
1349,1349,DRIFT,0.005000,
1350,1350,DRIFT,0.231850,
1351,1351,QUAD,0.606300,15
1352,1352,DRIFT,0.458350,
1353,1353,QUAD,0.307000,15
1354,1354,DRIFT,0.196500,
1355,1355,DRIFT,0.005000,
1356,1356,SEXT,0.290000,15
1357,1357,DRIFT,0.005000,
1358,1358,DRIFT,0.185000,
1359,1359,BPM,0.000000,15
1360,1360,DRIFT,0.484000,
1361,1361,BEND,0.933000,15
1362,1362,DRIFT,0.585800,
1363,1363,QUAD,0.406400,15
1364,1364,DRIFT,0.158300,
1365,1365,BPM,0.000000,15
1366,1366,DRIFT,0.263500,
1367,1367,DRIFT,0.005000,
1368,1368,SEXT,0.190000,15
1369,1369,DRIFT,0.005000,
1370,1370,DRIFT,0.195200,
1371,1371,QUAD,0.407600,15
1372,1372,DRIFT,0.118700,
1373,1373,BPM,0.000000,15
1374,1374,DRIFT,0.116000,
1375,1375,DRIFT,0.005000,
1376,1376,SEXT,0.290000,15
1377,1377,DRIFT,0.005000,
1378,1378,DRIFT,0.234700,
1379,1379,QUAD,0.407600,15
1380,1380,DRIFT,0.195200,
1381,1381,DRIFT,0.005000,
1382,1382,SEXT,0.190000,15
1383,1383,DRIFT,0.005000,
1384,1384,DRIFT,0.421800,
1385,1385,QUAD,0.406400,15
1386,1386,DRIFT,0.101800,
1387,1387,BPM,0.000000,15
1388,1388,DRIFT,0.484000,
1389,1389,BEND,0.933000,15
1390,1390,DRIFT,0.669000,
1391,1391,DRIFT,0.005000,
1392,1392,SEXT,0.290000,15
1393,1393,DRIFT,0.005000,
1394,1394,DRIFT,0.196500,
1395,1395,QUAD,0.307000,15
1396,1396,DRIFT,0.173000,
1397,1397,BPM,0.000000,15
1398,1398,DRIFT,0.285350,
1399,1399,QUAD,0.606300,15
1400,1400,DRIFT,0.231850,
1401,1401,DRIFT,0.005000,
1402,1402,SEXT,0.290000,15
1403,1403,DRIFT,0.005000,
1404,1404,DRIFT,0.146800,
1405,1405,QUAD,0.406400,15
1406,1406,DRIFT,1.288300,
1407,1407,BPM,0.000000,15
1408,1408,DRIFT,0.002500,
1409,1409,DRIFT,1.605500,
1410,1410,DRIFT,0.150000,
1411,1411,HTRIM,0.000000,15
1412,1412,VTRIM,0.000000,15
1413,1413,DRIFT,0.150000,
1414,1414,DRIFT,0.972000,
1415,1415,source,0.000000,
1416,1416,DRIFT,0.972000,
1417,1417,DRIFT,0.150000,
1418,1418,HTRIM,0.000000,15
1419,1419,VTRIM,0.000000,15
1420,1420,DRIFT,0.150000,
1421,1421,DRIFT,1.605500,
1422,1422,DRIFT,0.002500,
1423,1423,BPM,0.000000,16
1424,1424,DRIFT,1.288300,
1425,1425,QUAD,0.406400,16
1426,1426,DRIFT,0.146800,
1427,1427,DRIFT,0.005000,
1428,1428,SEXT,0.290000,16
1429,1429,DRIFT,0.005000,
1430,1430,DRIFT,0.231850,
1431,1431,QUAD,0.606300,16
1432,1432,DRIFT,0.458350,
1433,1433,QUAD,0.307000,16
1434,1434,DRIFT,0.196500,
1435,1435,DRIFT,0.005000,
1436,1436,SEXT,0.290000,16
1437,1437,DRIFT,0.005000,
1438,1438,DRIFT,0.185000,
1439,1439,BPM,0.000000,16
1440,1440,DRIFT,0.484000,
1441,1441,BEND,0.933000,16
1442,1442,DRIFT,0.585800,
1443,1443,QUAD,0.406400,16
1444,1444,DRIFT,0.158300,
1445,1445,BPM,0.000000,16
1446,1446,DRIFT,0.263500,
1447,1447,DRIFT,0.005000,
1448,1448,SEXT,0.190000,16
1449,1449,DRIFT,0.005000,
1450,1450,DRIFT,0.195200,
1451,1451,QUAD,0.407600,16
1452,1452,DRIFT,0.118700,
1453,1453,BPM,0.000000,16
1454,1454,DRIFT,0.116000,
1455,1455,DRIFT,0.005000,
1456,1456,SEXT,0.290000,16
1457,1457,DRIFT,0.005000,
1458,1458,DRIFT,0.234700,
1459,1459,QUAD,0.407600,16
1460,1460,DRIFT,0.195200,
1461,1461,DRIFT,0.005000,
1462,1462,SEXT,0.190000,16
1463,1463,DRIFT,0.005000,
1464,1464,DRIFT,0.421800,
1465,1465,QUAD,0.406400,16
1466,1466,DRIFT,0.101800,
1467,1467,BPM,0.000000,16
1468,1468,DRIFT,0.484000,
1469,1469,source,0.000000,
1470,1470,BEND,0.933000,16
1471,1471,DRIFT,0.669000,
1472,1472,DRIFT,0.005000,
1473,1473,SEXT,0.290000,16
1474,1474,DRIFT,0.005000,
1475,1475,DRIFT,0.196500,
1476,1476,QUAD,0.307000,16
1477,1477,DRIFT,0.173000,
1478,1478,BPM,0.000000,16
1479,1479,DRIFT,0.285350,
1480,1480,QUAD,0.606300,16
1481,1481,DRIFT,0.231850,
1482,1482,DRIFT,0.005000,
1483,1483,SEXT,0.290000,16
1484,1484,DRIFT,0.005000,
1485,1485,DRIFT,0.146800,
1486,1486,QUAD,0.406400,16
1487,1487,DRIFT,1.288300,
1488,1488,BPM,0.000000,16
1489,1489,DRIFT,4.380000,
1490,1490,RF,0.000000,
1491,1491,AP,0.000000,
1492,1492,DRIFT,4.380000,
1493,1493,BPM,0.000000,17
1494,1494,DRIFT,1.288300,
1495,1495,QUAD,0.406400,17
1496,1496,DRIFT,0.146800,
1497,1497,DRIFT,0.005000,
1498,1498,SEXT,0.290000,17
1499,1499,DRIFT,0.005000,
1500,1500,DRIFT,0.231850,
1501,1501,QUAD,0.606300,17
1502,1502,DRIFT,0.458350,
1503,1503,QUAD,0.307000,17
1504,1504,DRIFT,0.196500,
1505,1505,DRIFT,0.005000,
1506,1506,SEXT,0.290000,17
1507,1507,DRIFT,0.005000,
1508,1508,DRIFT,0.185000,
1509,1509,BPM,0.000000,17
1510,1510,DRIFT,0.484000,
1511,1511,BEND,0.933000,17
1512,1512,DRIFT,0.585800,
1513,1513,QUAD,0.406400,17
1514,1514,DRIFT,0.158300,
1515,1515,BPM,0.000000,17
1516,1516,DRIFT,0.263500,
1517,1517,DRIFT,0.005000,
1518,1518,SEXT,0.190000,17
1519,1519,DRIFT,0.005000,
1520,1520,DRIFT,0.195200,
1521,1521,QUAD,0.407600,17
1522,1522,DRIFT,0.118700,
1523,1523,BPM,0.000000,17
1524,1524,DRIFT,0.116000,
1525,1525,DRIFT,0.005000,
1526,1526,SEXT,0.290000,17
1527,1527,DRIFT,0.005000,
1528,1528,DRIFT,0.234700,
1529,1529,QUAD,0.407600,17
1530,1530,DRIFT,0.195200,
1531,1531,DRIFT,0.005000,
1532,1532,SEXT,0.190000,17
1533,1533,DRIFT,0.005000,
1534,1534,DRIFT,0.421800,
1535,1535,QUAD,0.406400,17
1536,1536,DRIFT,0.101800,
1537,1537,BPM,0.000000,17
1538,1538,DRIFT,0.484000,
1539,1539,BEND,0.933000,17
1540,1540,DRIFT,0.669000,
1541,1541,DRIFT,0.005000,
1542,1542,SEXT,0.290000,17
1543,1543,DRIFT,0.005000,
1544,1544,DRIFT,0.196500,
1545,1545,QUAD,0.307000,17
1546,1546,DRIFT,0.173000,
1547,1547,BPM,0.000000,17
1548,1548,DRIFT,0.285350,
1549,1549,QUAD,0.606300,17
1550,1550,DRIFT,0.231850,
1551,1551,DRIFT,0.005000,
1552,1552,SEXT,0.290000,17
1553,1553,DRIFT,0.005000,
1554,1554,DRIFT,0.146800,
1555,1555,QUAD,0.406400,17
1556,1556,DRIFT,1.288300,
1557,1557,BPM,0.000000,17
1558,1558,DRIFT,0.002500,
1559,1559,DRIFT,1.605500,
1560,1560,DRIFT,0.150000,
1561,1561,HTRIM,0.000000,16
1562,1562,VTRIM,0.000000,16
1563,1563,DRIFT,0.150000,
1564,1564,DRIFT,0.972000,
1565,1565,source,0.000000,
1566,1566,DRIFT,0.972000,
1567,1567,DRIFT,0.150000,
1568,1568,HTRIM,0.000000,16
1569,1569,VTRIM,0.000000,16
1570,1570,DRIFT,0.150000,
1571,1571,DRIFT,1.605500,
1572,1572,DRIFT,0.002500,
1573,1573,BPM,0.000000,18
1574,1574,DRIFT,1.288300,
1575,1575,QUAD,0.406400,18
1576,1576,DRIFT,0.146800,
1577,1577,DRIFT,0.005000,
1578,1578,SEXT,0.290000,18
1579,1579,DRIFT,0.005000,
1580,1580,DRIFT,0.231850,
1581,1581,QUAD,0.606300,18
1582,1582,DRIFT,0.458350,
1583,1583,QUAD,0.307000,18
1584,1584,DRIFT,0.196500,
1585,1585,DRIFT,0.005000,
1586,1586,SEXT,0.290000,18
1587,1587,DRIFT,0.005000,
1588,1588,DRIFT,0.185000,
1589,1589,BPM,0.000000,18
1590,1590,DRIFT,0.484000,
1591,1591,BEND,0.933000,18
1592,1592,DRIFT,0.585800,
1593,1593,QUAD,0.406400,18
1594,1594,DRIFT,0.158300,
1595,1595,BPM,0.000000,18
1596,1596,DRIFT,0.263500,
1597,1597,DRIFT,0.005000,
1598,1598,SEXT,0.190000,18
1599,1599,DRIFT,0.005000,
1600,1600,DRIFT,0.195200,
1601,1601,QUAD,0.407600,18
1602,1602,DRIFT,0.118700,
1603,1603,BPM,0.000000,18
1604,1604,DRIFT,0.116000,
1605,1605,DRIFT,0.005000,
1606,1606,SEXT,0.290000,18
1607,1607,DRIFT,0.005000,
1608,1608,DRIFT,0.234700,
1609,1609,QUAD,0.407600,18
1610,1610,DRIFT,0.195200,
1611,1611,DRIFT,0.005000,
1612,1612,SEXT,0.190000,18
1613,1613,DRIFT,0.005000,
1614,1614,DRIFT,0.421800,
1615,1615,QUAD,0.406400,18
1616,1616,DRIFT,0.101800,
1617,1617,BPM,0.000000,18
1618,1618,DRIFT,0.484000,
1619,1619,source,0.000000,
1620,1620,BEND,0.933000,18
1621,1621,DRIFT,0.669000,
1622,1622,DRIFT,0.005000,
1623,1623,SEXT,0.290000,18
1624,1624,DRIFT,0.005000,
1625,1625,DRIFT,0.196500,
1626,1626,QUAD,0.307000,18
1627,1627,DRIFT,0.173000,
1628,1628,BPM,0.000000,18
1629,1629,DRIFT,0.285350,
1630,1630,QUAD,0.606300,18
1631,1631,DRIFT,0.231850,
1632,1632,DRIFT,0.005000,
1633,1633,SEXT,0.290000,18
1634,1634,DRIFT,0.005000,
1635,1635,DRIFT,0.146800,
1636,1636,QUAD,0.406400,18
1637,1637,DRIFT,1.288300,
1638,1638,BPM,0.000000,18
1639,1639,DRIFT,0.002500,
1640,1640,DRIFT,0.150000,
1641,1641,HTRIM,0.000000,18
1642,1642,VTRIM,0.000000,18
1643,1643,DRIFT,0.150000,
1644,1644,DRIFT,2.577500,
1645,1645,source,0.000000,
1646,1646,DRIFT,2.577500,
1647,1647,DRIFT,0.150000,
1648,1648,HTRIM,0.000000,18
1649,1649,VTRIM,0.000000,18
1650,1650,DRIFT,0.150000,
1651,1651,DRIFT,0.002500,
1652,1652,BPM,0.000000,19
1653,1653,DRIFT,1.288300,
1654,1654,QUAD,0.406400,19
1655,1655,DRIFT,0.146800,
1656,1656,DRIFT,0.005000,
1657,1657,SEXT,0.290000,19
1658,1658,DRIFT,0.005000,
1659,1659,DRIFT,0.231850,
1660,1660,QUAD,0.606300,19
1661,1661,DRIFT,0.458350,
1662,1662,QUAD,0.307000,19
1663,1663,DRIFT,0.196500,
1664,1664,DRIFT,0.005000,
1665,1665,SEXT,0.290000,19
1666,1666,DRIFT,0.005000,
1667,1667,DRIFT,0.185000,
1668,1668,BPM,0.000000,19
1669,1669,DRIFT,0.484000,
1670,1670,BEND,0.933000,19
1671,1671,DRIFT,0.585800,
1672,1672,QUAD,0.406400,19
1673,1673,DRIFT,0.158300,
1674,1674,BPM,0.000000,19
1675,1675,DRIFT,0.263500,
1676,1676,DRIFT,0.005000,
1677,1677,SEXT,0.190000,19
1678,1678,DRIFT,0.005000,
1679,1679,DRIFT,0.195200,
1680,1680,QUAD,0.407600,19
1681,1681,DRIFT,0.118700,
1682,1682,BPM,0.000000,19
1683,1683,DRIFT,0.116000,
1684,1684,DRIFT,0.005000,
1685,1685,SEXT,0.290000,19
1686,1686,DRIFT,0.005000,
1687,1687,DRIFT,0.234700,
1688,1688,QUAD,0.407600,19
1689,1689,DRIFT,0.195200,
1690,1690,DRIFT,0.005000,
1691,1691,SEXT,0.190000,19
1692,1692,DRIFT,0.005000,
1693,1693,DRIFT,0.421800,
1694,1694,QUAD,0.406400,19
1695,1695,DRIFT,0.101800,
1696,1696,BPM,0.000000,19
1697,1697,DRIFT,0.484000,
1698,1698,BEND,0.933000,19
1699,1699,DRIFT,0.669000,
1700,1700,DRIFT,0.005000,
1701,1701,SEXT,0.290000,19
1702,1702,DRIFT,0.005000,
1703,1703,DRIFT,0.196500,
1704,1704,QUAD,0.307000,19
1705,1705,DRIFT,0.173000,
1706,1706,BPM,0.000000,19
1707,1707,DRIFT,0.285350,
1708,1708,QUAD,0.606300,19
1709,1709,DRIFT,0.231850,
1710,1710,DRIFT,0.005000,
1711,1711,SEXT,0.290000,19
1712,1712,DRIFT,0.005000,
1713,1713,DRIFT,0.146800,
1714,1714,QUAD,0.406400,19
1715,1715,DRIFT,1.288300,
1716,1716,BPM,0.000000,19
1717,1717,DRIFT,0.002500,
1718,1718,DRIFT,0.227500,
1719,1719,DRIFT,0.149000,
1720,1720,DRIFT,0.050000,
1721,1721,HCHICA,0.000000,
1722,1722,DRIFT,0.050000,
1723,1723,DRIFT,1.016000,
1724,1724,DRIFT,0.050000,
1725,1725,DRIFT,0.100000,
1726,1726,HTRIM,0.000000,19
1727,1727,VTRIM,0.000000,19
1728,1728,DRIFT,0.100000,
1729,1729,DRIFT,0.046000,
1730,1730,DRIFT,1.014000,
1731,1731,source,0.000000,
1732,1732,DRIFT,1.014000,
1733,1733,DRIFT,0.038000,
1734,1734,DRIFT,0.050000,
1735,1735,DRIFT,0.100000,
1736,1736,HTRIM,0.000000,19
1737,1737,VTRIM,0.000000,19
1738,1738,DRIFT,0.100000,
1739,1739,DRIFT,0.050000,
1740,1740,DRIFT,0.022000,
1741,1741,DRIFT,0.050000,
1742,1742,HCHICA,0.000000,
1743,1743,DRIFT,0.050000,
1744,1744,DRIFT,0.022500,
1745,1745,HTRIM,0.000000,20
1746,1746,VTRIM,0.000000,20
1747,1747,DRIFT,0.397500,
1748,1748,source,0.000000,
1749,1749,DRIFT,0.397500,
1750,1750,HTRIM,0.000000,20
1751,1751,VTRIM,0.000000,20
1752,1752,DRIFT,0.130000,
1753,1753,DRIFT,0.050000,
1754,1754,DRIFT,0.050000,
1755,1755,HCHICA,0.000000,
1756,1756,DRIFT,0.050000,
1757,1757,DRIFT,0.203000,
1758,1758,DRIFT,0.178000,
1759,1759,DRIFT,0.002500,
1760,1760,BPM,0.000000,20
1761,1761,DRIFT,0.288300,
1762,1762,DRIFT,1.000000,
1763,1763,QUAD,0.406400,20
1764,1764,DRIFT,0.146800,
1765,1765,DRIFT,0.005000,
1766,1766,SEXT,0.290000,20
1767,1767,DRIFT,0.005000,
1768,1768,DRIFT,0.231850,
1769,1769,QUAD,0.606300,20
1770,1770,DRIFT,0.458350,
1771,1771,QUAD,0.307000,20
1772,1772,DRIFT,0.196500,
1773,1773,DRIFT,0.005000,
1774,1774,SEXT,0.290000,20
1775,1775,DRIFT,0.005000,
1776,1776,DRIFT,0.185000,
1777,1777,BPM,0.000000,20
1778,1778,DRIFT,0.484000,
1779,1779,BEND,0.933000,20
1780,1780,DRIFT,0.585800,
1781,1781,QUAD,0.406400,20
1782,1782,DRIFT,0.158300,
1783,1783,BPM,0.000000,20
1784,1784,DRIFT,0.263500,
1785,1785,DRIFT,0.005000,
1786,1786,SEXT,0.190000,20
1787,1787,DRIFT,0.005000,
1788,1788,DRIFT,0.195200,
1789,1789,QUAD,0.407600,20
1790,1790,DRIFT,0.118700,
1791,1791,BPM,0.000000,20
1792,1792,DRIFT,0.116000,
1793,1793,DRIFT,0.005000,
1794,1794,SEXT,0.290000,20
1795,1795,DRIFT,0.005000,
1796,1796,DRIFT,0.234700,
1797,1797,QUAD,0.407600,20
1798,1798,DRIFT,0.195200,
1799,1799,DRIFT,0.005000,
1800,1800,SEXT,0.190000,20
1801,1801,DRIFT,0.005000,
1802,1802,DRIFT,0.421800,
1803,1803,QUAD,0.406400,20
1804,1804,DRIFT,0.101800,
1805,1805,BPM,0.000000,20
1806,1806,DRIFT,0.484000,
1807,1807,BEND,0.933000,20
1808,1808,DRIFT,0.669000,
1809,1809,DRIFT,0.005000,
1810,1810,SEXT,0.290000,20
1811,1811,DRIFT,0.005000,
1812,1812,DRIFT,0.196500,
1813,1813,QUAD,0.307000,20
1814,1814,DRIFT,0.173000,
1815,1815,BPM,0.000000,20
1816,1816,DRIFT,0.285350,
1817,1817,QUAD,0.606300,20
1818,1818,DRIFT,0.231850,
1819,1819,DRIFT,0.005000,
1820,1820,SEXT,0.290000,20
1821,1821,DRIFT,0.005000,
1822,1822,DRIFT,0.146800,
1823,1823,QUAD,0.406400,20
1824,1824,DRIFT,1.288300,
1825,1825,BPM,0.000000,20
1826,1826,DRIFT,0.002500,
1827,1827,DRIFT,0.150000,
1828,1828,HTRIM,0.000000,20
1829,1829,VTRIM,0.000000,20
1830,1830,DRIFT,0.150000,
1831,1831,DRIFT,4.077500,
1832,1832,source,0.000000,
1833,1833,DRIFT,4.077500,
1834,1834,DRIFT,0.150000,
1835,1835,HTRIM,0.000000,20
1836,1836,VTRIM,0.000000,20
1837,1837,DRIFT,0.150000,
1838,1838,DRIFT,0.002500,
1839,1839,BPM,0.000000,21
1840,1840,DRIFT,1.288300,
1841,1841,QUAD,0.406400,21
1842,1842,DRIFT,0.146800,
1843,1843,DRIFT,0.005000,
1844,1844,SEXT,0.290000,21
1845,1845,DRIFT,0.005000,
1846,1846,DRIFT,0.231850,
1847,1847,QUAD,0.606300,21
1848,1848,DRIFT,0.458350,
1849,1849,QUAD,0.307000,21
1850,1850,DRIFT,0.196500,
1851,1851,DRIFT,0.005000,
1852,1852,SEXT,0.290000,21
1853,1853,DRIFT,0.005000,
1854,1854,DRIFT,0.185000,
1855,1855,BPM,0.000000,21
1856,1856,DRIFT,0.484000,
1857,1857,BEND,0.933000,21
1858,1858,DRIFT,0.585800,
1859,1859,QUAD,0.406400,21
1860,1860,DRIFT,0.158300,
1861,1861,BPM,0.000000,21
1862,1862,DRIFT,0.263500,
1863,1863,DRIFT,0.005000,
1864,1864,SEXT,0.190000,21
1865,1865,DRIFT,0.005000,
1866,1866,DRIFT,0.195200,
1867,1867,QUAD,0.407600,21
1868,1868,DRIFT,0.118700,
1869,1869,BPM,0.000000,21
1870,1870,DRIFT,0.116000,
1871,1871,DRIFT,0.005000,
1872,1872,SEXT,0.290000,21
1873,1873,DRIFT,0.005000,
1874,1874,DRIFT,0.234700,
1875,1875,QUAD,0.407600,21
1876,1876,DRIFT,0.195200,
1877,1877,DRIFT,0.005000,
1878,1878,SEXT,0.190000,21
1879,1879,DRIFT,0.005000,
1880,1880,DRIFT,0.421800,
1881,1881,QUAD,0.406400,21
1882,1882,DRIFT,0.101800,
1883,1883,BPM,0.000000,21
1884,1884,DRIFT,0.484000,
1885,1885,source,0.000000,
1886,1886,BEND,0.933000,21
1887,1887,DRIFT,0.669000,
1888,1888,DRIFT,0.005000,
1889,1889,SEXT,0.290000,21
1890,1890,DRIFT,0.005000,
1891,1891,DRIFT,0.196500,
1892,1892,QUAD,0.307000,21
1893,1893,DRIFT,0.173000,
1894,1894,BPM,0.000000,21
1895,1895,DRIFT,0.285350,
1896,1896,QUAD,0.606300,21
1897,1897,DRIFT,0.231850,
1898,1898,DRIFT,0.005000,
1899,1899,SEXT,0.290000,21
1900,1900,DRIFT,0.005000,
1901,1901,DRIFT,0.146800,
1902,1902,QUAD,0.406400,21
1903,1903,DRIFT,1.288300,
1904,1904,BPM,0.000000,21
1905,1905,DRIFT,0.002500,
1906,1906,DRIFT,0.150000,
1907,1907,HTRIM,0.000000,21
1908,1908,VTRIM,0.000000,21
1909,1909,DRIFT,0.150000,
1910,1910,DRIFT,2.577500,
1911,1911,source,0.000000,
1912,1912,DRIFT,2.577500,
1913,1913,DRIFT,0.150000,
1914,1914,HTRIM,0.000000,21
1915,1915,VTRIM,0.000000,21
1916,1916,DRIFT,0.150000,
1917,1917,DRIFT,0.002500,
1918,1918,BPM,0.000000,22
1919,1919,DRIFT,1.288300,
1920,1920,QUAD,0.406400,22
1921,1921,DRIFT,0.146800,
1922,1922,DRIFT,0.005000,
1923,1923,SEXT,0.290000,22
1924,1924,DRIFT,0.005000,
1925,1925,DRIFT,0.231850,
1926,1926,QUAD,0.606300,22
1927,1927,DRIFT,0.458350,
1928,1928,QUAD,0.307000,22
1929,1929,DRIFT,0.196500,
1930,1930,DRIFT,0.005000,
1931,1931,SEXT,0.290000,22
1932,1932,DRIFT,0.005000,
1933,1933,DRIFT,0.185000,
1934,1934,BPM,0.000000,22
1935,1935,DRIFT,0.484000,
1936,1936,BEND,0.933000,22
1937,1937,DRIFT,0.585800,
1938,1938,QUAD,0.406400,22
1939,1939,DRIFT,0.158300,
1940,1940,BPM,0.000000,22
1941,1941,DRIFT,0.263500,
1942,1942,DRIFT,0.005000,
1943,1943,SEXT,0.190000,22
1944,1944,DRIFT,0.005000,
1945,1945,DRIFT,0.195200,
1946,1946,QUAD,0.407600,22
1947,1947,DRIFT,0.118700,
1948,1948,BPM,0.000000,22
1949,1949,DRIFT,0.116000,
1950,1950,DRIFT,0.005000,
1951,1951,SEXT,0.290000,22
1952,1952,DRIFT,0.005000,
1953,1953,DRIFT,0.234700,
1954,1954,QUAD,0.407600,22
1955,1955,DRIFT,0.195200,
1956,1956,DRIFT,0.005000,
1957,1957,SEXT,0.190000,22
1958,1958,DRIFT,0.005000,
1959,1959,DRIFT,0.421800,
1960,1960,QUAD,0.406400,22
1961,1961,DRIFT,0.101800,
1962,1962,BPM,0.000000,22
1963,1963,DRIFT,0.484000,
1964,1964,source,0.000000,
1965,1965,BEND,0.933000,22
1966,1966,DRIFT,0.669000,
1967,1967,DRIFT,0.005000,
1968,1968,SEXT,0.290000,22
1969,1969,DRIFT,0.005000,
1970,1970,DRIFT,0.196500,
1971,1971,QUAD,0.307000,22
1972,1972,DRIFT,0.173000,
1973,1973,BPM,0.000000,22
1974,1974,DRIFT,0.285350,
1975,1975,QUAD,0.606300,22
1976,1976,DRIFT,0.231850,
1977,1977,DRIFT,0.005000,
1978,1978,SEXT,0.290000,22
1979,1979,DRIFT,0.005000,
1980,1980,DRIFT,0.146800,
1981,1981,QUAD,0.406400,22
1982,1982,DRIFT,1.288300,
1983,1983,BPM,0.000000,22
1984,1984,DRIFT,0.002500,
1985,1985,DRIFT,0.150000,
1986,1986,HTRIM,0.000000,22
1987,1987,VTRIM,0.000000,22
1988,1988,DRIFT,0.150000,
1989,1989,DRIFT,2.577500,
1990,1990,source,0.000000,
1991,1991,DRIFT,2.577500,
1992,1992,DRIFT,0.150000,
1993,1993,HTRIM,0.000000,22
1994,1994,VTRIM,0.000000,22
1995,1995,DRIFT,0.150000,
1996,1996,DRIFT,0.002500,
1997,1997,BPM,0.000000,23
1998,1998,DRIFT,1.288300,
1999,1999,QUAD,0.406400,23
2000,2000,DRIFT,0.146800,
2001,2001,DRIFT,0.005000,
2002,2002,SEXT,0.290000,23
2003,2003,DRIFT,0.005000,
2004,2004,DRIFT,0.231850,
2005,2005,QUAD,0.606300,23
2006,2006,DRIFT,0.458350,
2007,2007,QUAD,0.307000,23
2008,2008,DRIFT,0.196500,
2009,2009,DRIFT,0.005000,
2010,2010,SEXT,0.290000,23
2011,2011,DRIFT,0.005000,
2012,2012,DRIFT,0.185000,
2013,2013,BPM,0.000000,23
2014,2014,DRIFT,0.484000,
2015,2015,BEND,0.933000,23
2016,2016,DRIFT,0.585800,
2017,2017,QUAD,0.406400,23
2018,2018,DRIFT,0.158300,
2019,2019,BPM,0.000000,23
2020,2020,DRIFT,0.263500,
2021,2021,DRIFT,0.005000,
2022,2022,SEXT,0.190000,23
2023,2023,DRIFT,0.005000,
2024,2024,DRIFT,0.195200,
2025,2025,QUAD,0.407600,23
2026,2026,DRIFT,0.118700,
2027,2027,BPM,0.000000,23
2028,2028,DRIFT,0.116000,
2029,2029,DRIFT,0.005000,
2030,2030,SEXT,0.290000,23
2031,2031,DRIFT,0.005000,
2032,2032,DRIFT,0.234700,
2033,2033,QUAD,0.407600,23
2034,2034,DRIFT,0.195200,
2035,2035,DRIFT,0.005000,
2036,2036,SEXT,0.190000,23
2037,2037,DRIFT,0.005000,
2038,2038,DRIFT,0.421800,
2039,2039,QUAD,0.406400,23
2040,2040,DRIFT,0.101800,
2041,2041,BPM,0.000000,23
2042,2042,DRIFT,0.484000,
2043,2043,source,0.000000,
2044,2044,BEND,0.933000,23
2045,2045,DRIFT,0.669000,
2046,2046,DRIFT,0.005000,
2047,2047,SEXT,0.290000,23
2048,2048,DRIFT,0.005000,
2049,2049,DRIFT,0.196500,
2050,2050,QUAD,0.307000,23
2051,2051,DRIFT,0.173000,
2052,2052,BPM,0.000000,23
2053,2053,DRIFT,0.285350,
2054,2054,QUAD,0.606300,23
2055,2055,DRIFT,0.231850,
2056,2056,DRIFT,0.005000,
2057,2057,SEXT,0.290000,23
2058,2058,DRIFT,0.005000,
2059,2059,DRIFT,0.146800,
2060,2060,QUAD,0.406400,23
2061,2061,DRIFT,1.288300,
2062,2062,BPM,0.000000,23
2063,2063,DRIFT,0.002500,
2064,2064,DRIFT,0.150000,
2065,2065,HTRIM,0.000000,23
2066,2066,VTRIM,0.000000,23
2067,2067,DRIFT,0.150000,
2068,2068,DRIFT,2.577500,
2069,2069,source,0.000000,
2070,2070,DRIFT,2.577500,
2071,2071,DRIFT,0.150000,
2072,2072,HTRIM,0.000000,23
2073,2073,VTRIM,0.000000,23
2074,2074,DRIFT,0.150000,
2075,2075,DRIFT,0.002500,
2076,2076,BPM,0.000000,24
2077,2077,DRIFT,1.288300,
2078,2078,QUAD,0.406400,24
2079,2079,DRIFT,0.146800,
2080,2080,DRIFT,0.005000,
2081,2081,SEXT,0.290000,24
2082,2082,DRIFT,0.005000,
2083,2083,DRIFT,0.231850,
2084,2084,QUAD,0.606300,24
2085,2085,DRIFT,0.458350,
2086,2086,QUAD,0.307000,24
2087,2087,DRIFT,0.196500,
2088,2088,DRIFT,0.005000,
2089,2089,SEXT,0.290000,24
2090,2090,DRIFT,0.005000,
2091,2091,DRIFT,0.185000,
2092,2092,BPM,0.000000,24
2093,2093,DRIFT,0.484000,
2094,2094,BEND,0.933000,24
2095,2095,DRIFT,0.585800,
2096,2096,QUAD,0.406400,24
2097,2097,DRIFT,0.158300,
2098,2098,BPM,0.000000,24
2099,2099,DRIFT,0.263500,
2100,2100,DRIFT,0.005000,
2101,2101,SEXT,0.190000,24
2102,2102,DRIFT,0.005000,
2103,2103,DRIFT,0.195200,
2104,2104,QUAD,0.407600,24
2105,2105,DRIFT,0.118700,
2106,2106,BPM,0.000000,24
2107,2107,DRIFT,0.116000,
2108,2108,DRIFT,0.005000,
2109,2109,SEXT,0.290000,24
2110,2110,DRIFT,0.005000,
2111,2111,DRIFT,0.234700,
2112,2112,QUAD,0.407600,24
2113,2113,DRIFT,0.195200,
2114,2114,DRIFT,0.005000,
2115,2115,SEXT,0.190000,24
2116,2116,DRIFT,0.005000,
2117,2117,DRIFT,0.421800,
2118,2118,QUAD,0.406400,24
2119,2119,DRIFT,0.101800,
2120,2120,BPM,0.000000,24
2121,2121,DRIFT,0.484000,
2122,2122,source,0.000000,
2123,2123,BEND,0.933000,24
2124,2124,DRIFT,0.669000,
2125,2125,DRIFT,0.005000,
2126,2126,SEXT,0.290000,24
2127,2127,DRIFT,0.005000,
2128,2128,DRIFT,0.196500,
2129,2129,QUAD,0.307000,24
2130,2130,DRIFT,0.173000,
2131,2131,BPM,0.000000,24
2132,2132,DRIFT,0.285350,
2133,2133,QUAD,0.606300,24
2134,2134,DRIFT,0.231850,
2135,2135,DRIFT,0.005000,
2136,2136,SEXT,0.290000,24
2137,2137,DRIFT,0.005000,
2138,2138,DRIFT,0.146800,
2139,2139,QUAD,0.406400,24
2140,2140,DRIFT,1.288300,
2141,2141,BPM,0.000000,24
2142,2142,DRIFT,4.380000,
