uc_id,coeff,val
1,0,0.000000
1,1,1e+06
2,0,0.000000
2,1,1e-09
3,0,0.000000
3,1,1e-12
53,0,0.000000
53,1,0.001000
54,0,0.000000
54,1,0.000077
55,0,0.000000
55,1,0.000077
56,0,0.000000
56,1,0.000077
57,0,0.000000
57,1,0.000077
58,0,0.000000
58,1,0.000077
59,0,0.000000
59,1,0.000077
60,0,0.000000
60,1,0.000077
61,0,0.000000
61,1,0.000077
62,0,0.000000
62,1,0.000077
63,0,0.000000
63,1,0.000077
64,0,0.000000
64,1,0.000077
65,0,0.000000
65,1,0.000077
66,0,0.000000
66,1,0.000077
67,0,0.000000
67,1,0.000077
68,0,0.000000
68,1,0.000077
69,0,0.000000
69,1,0.000077
70,0,0.000000
70,1,0.000077
71,0,0.000000
71,1,0.000077
72,0,0.000000
72,1,0.000077
73,0,0.000000
73,1,0.000077
74,0,0.000000
74,1,0.000077
75,0,0.000000
75,1,0.000077
76,0,0.000000
76,1,0.000077
77,0,0.000000
77,1,0.000077
78,0,0.000000
78,1,0.000077
79,0,0.000000
79,1,0.000077
80,0,0.000000
80,1,0.000077
81,0,0.000000
81,1,0.000077
82,0,0.000000
82,1,0.000077
83,0,0.000000
83,1,0.000077
84,0,0.000000
84,1,0.000077
85,0,0.000000
85,1,0.000077
86,0,0.000000
86,1,0.000077
87,0,0.000000
87,1,0.000077
88,0,0.000000
88,1,0.000077
89,0,0.000000
89,1,0.000077
90,0,0.000000
90,1,0.000077
91,0,0.000000
91,1,0.000077
92,0,0.000000
92,1,0.000077
93,0,0.000000
93,1,0.000077
94,0,0.000000
94,1,0.000077
95,0,0.000000
95,1,0.000077
96,0,0.000000
96,1,0.000077
97,0,0.000000
97,1,0.000077
98,0,0.000000
98,1,0.000077
99,0,0.000000
99,1,0.000077
100,0,0.000000
100,1,0.000077
101,0,0.000000
101,1,0.000077
102,0,0.000000
102,1,0.000077
103,0,0.000000
103,1,0.000077
104,0,0.000000
104,1,0.000077
105,0,0.000000
105,1,0.000077
106,0,0.000000
106,1,0.000077
107,0,0.000000
107,1,0.000077
108,0,0.000000
108,1,0.000077
109,0,0.000000
109,1,0.000077
110,0,0.000000
110,1,0.000077
111,0,0.000000
111,1,0.000077
112,0,0.000000
112,1,0.000077
113,0,0.000000
113,1,0.000077
114,0,0.000000
114,1,0.000077
115,0,0.000000
115,1,0.000077
116,0,0.000000
116,1,0.000077
117,0,0.000000
117,1,0.000077
118,0,0.000000
118,1,0.000077
119,0,0.000000
119,1,0.000077
120,0,0.000000
120,1,0.000077
121,0,0.000000
121,1,0.000077
122,0,0.000000
122,1,0.000077
123,0,0.000000
123,1,0.000077
124,0,0.000000
124,1,0.000077
125,0,0.000000
125,1,0.000077
126,0,0.000000
126,1,0.000077
127,0,0.000000
127,1,0.000077
128,0,0.000000
128,1,0.000077
129,0,0.000000
129,1,0.000077
130,0,0.000000
130,1,0.000077
131,0,0.000000
131,1,0.000077
132,0,0.000000
132,1,0.000077
133,0,0.000000
133,1,0.000077
134,0,0.000000
134,1,0.000077
135,0,0.000000
135,1,0.000077
136,0,0.000000
136,1,0.000077
137,0,0.000000
137,1,0.000077
138,0,0.000000
138,1,0.000077
139,0,0.000000
139,1,0.000077
140,0,0.000000
140,1,0.000077
141,0,0.000000
141,1,0.000077
142,0,0.000000
142,1,0.000077
143,0,0.000000
143,1,0.000077
144,0,0.000000
144,1,0.000077
145,0,0.000000
145,1,0.000077
146,0,0.000000
146,1,0.000077
147,0,0.000000
147,1,0.000077
148,0,0.000000
148,1,0.000077
149,0,0.000000
149,1,0.000077
150,0,0.000000
150,1,0.000077
151,0,0.000000
151,1,0.000077
152,0,0.000000
152,1,0.000077
153,0,0.000000
153,1,0.000077
154,0,0.000000
154,1,0.000077
155,0,0.000000
155,1,0.000077
156,0,0.000000
156,1,0.000077
157,0,0.000000
157,1,0.000077
158,0,0.000000
158,1,0.000077
159,0,0.000000
159,1,0.000077
160,0,0.000000
160,1,0.000077
161,0,0.000000
161,1,0.000077
162,0,0.000000
162,1,0.000077
163,0,0.000000
163,1,0.000077
164,0,0.000000
164,1,0.000077
165,0,0.000000
165,1,0.000077
166,0,0.000000
166,1,0.000077
167,0,0.000000
167,1,0.000077
168,0,0.000000
168,1,0.000077
169,0,0.000000
169,1,0.000077
170,0,0.000000
170,1,0.000077
171,0,0.000000
171,1,0.000077
172,0,0.000000
172,1,0.000077
173,0,0.000000
173,1,0.000077
174,0,0.000000
174,1,0.000077
175,0,0.000000
175,1,0.000077
176,0,0.000000
176,1,0.000077
177,0,0.000000
177,1,0.000077
178,0,0.000000
178,1,0.000077
179,0,0.000000
179,1,0.000077
180,0,0.000000
180,1,0.000077
181,0,0.000000
181,1,0.000077
182,0,0.000000
182,1,0.000077
183,0,0.000000
183,1,0.000077
184,0,0.000000
184,1,0.000077
185,0,0.000000
185,1,0.000077
187,0,0.000000
187,1,0.000077
188,0,0.000000
188,1,0.000077
189,0,0.000000
189,1,0.000077
190,0,0.000000
190,1,0.000077
191,0,0.000000
191,1,0.000077
192,0,0.000000
192,1,0.000077
193,0,0.000000
193,1,0.000077
194,0,0.000000
194,1,0.000077
195,0,0.000000
195,1,0.000077
196,0,0.000000
196,1,0.000077
197,0,0.000000
197,1,0.000077
198,0,0.000000
198,1,0.000077
199,0,0.000000
199,1,0.000077
200,0,0.000000
200,1,0.000077
201,0,0.000000
201,1,0.000077
202,0,0.000000
202,1,0.000077
203,0,0.000000
203,1,0.000077
204,0,0.000000
204,1,0.000077
205,0,0.000000
205,1,0.000077
206,0,0.000000
206,1,0.000077
207,0,0.000000
207,1,0.000077
208,0,0.000000
208,1,0.000077
209,0,0.000000
209,1,0.000077
210,0,0.000000
210,1,0.000077
211,0,0.000000
211,1,0.000077
212,0,0.000000
212,1,0.000077
213,0,0.000000
213,1,0.000077
214,0,0.000000
214,1,0.000077
215,0,0.000000
215,1,0.000077
216,0,0.000000
216,1,0.000077
217,0,0.000000
217,1,0.000077
218,0,0.000000
218,1,0.000077
219,0,0.000000
219,1,0.000077
220,0,0.000000
220,1,0.000077
221,0,0.000000
221,1,0.000077
222,0,0.000000
222,1,0.000077
223,0,0.000000
223,1,0.000077
224,0,0.000000
224,1,0.000077
225,0,0.000000
225,1,0.000077
226,0,0.000000
226,1,0.000077
227,0,0.000000
227,1,0.000077
228,0,0.000000
228,1,0.000077
229,0,0.000000
229,1,0.000077
230,0,0.000000
230,1,0.000077
231,0,0.000000
231,1,0.000077
232,0,0.000000
232,1,0.000077
233,0,0.000000
233,1,0.000077
234,0,0.000000
234,1,0.000077
235,0,0.000000
235,1,0.000077
236,0,0.000000
236,1,0.000077
237,0,0.000000
237,1,0.000077
238,0,0.000000
238,1,0.000077
239,0,0.000000
239,1,0.000077
240,0,0.000000
240,1,0.000077
241,0,0.000000
241,1,0.000077
242,0,0.000000
242,1,0.000077
243,0,0.000000
243,1,0.000077
244,0,0.000000
244,1,0.000077
245,0,0.000000
245,1,0.000077
246,0,0.000000
246,1,0.000077
247,0,0.000000
247,1,0.000077
248,0,0.000000
248,1,0.000077
249,0,0.000000
249,1,0.000077
250,0,0.000000
250,1,0.000077
251,0,0.000000
251,1,0.000077
252,0,0.000000
252,1,0.000077
253,0,0.000000
253,1,0.000077
254,0,0.000000
254,1,0.000077
255,0,0.000000
255,1,0.000077
256,0,0.000000
256,1,0.000077
257,0,0.000000
257,1,0.000077
258,0,0.000000
258,1,0.000077
259,0,0.000000
259,1,0.000077
260,0,0.000000
260,1,0.000077
261,0,0.000000
261,1,0.000077
262,0,0.000000
262,1,0.000077
263,0,0.000000
263,1,0.000077
264,0,0.000000
264,1,0.000077
265,0,0.000000
265,1,0.000077
266,0,0.000000
266,1,0.000077
267,0,0.000000
267,1,0.000077
268,0,0.000000
268,1,0.000077
269,0,0.000000
269,1,0.000077
270,0,0.000000
270,1,0.000077
271,0,0.000000
271,1,0.000077
272,0,0.000000
272,1,0.000077
273,0,0.000000
273,1,0.000077
274,0,0.000000
274,1,0.000077
275,0,0.000000
275,1,0.000077
276,0,0.000000
276,1,0.000077
277,0,0.000000
277,1,0.000077
278,0,0.000000
278,1,0.000077
279,0,0.000000
279,1,0.000077
280,0,0.000000
280,1,0.000077
281,0,0.000000
281,1,0.000077
282,0,0.000000
282,1,0.000077
283,0,0.000000
283,1,0.000077
284,0,0.000000
284,1,0.000077
285,0,0.000000
285,1,0.000077
286,0,0.000000
286,1,0.000077
287,0,0.000000
287,1,0.000077
288,0,0.000000
288,1,0.000077
289,0,0.000000
289,1,0.000077
290,0,0.000000
290,1,0.000077
291,0,0.000000
291,1,0.000077
292,0,0.000000
292,1,0.000077
293,0,0.000000
293,1,0.000077
294,0,0.000000
294,1,0.000077
295,0,0.000000
295,1,0.000077
296,0,0.000000
296,1,0.000077
297,0,0.000000
297,1,0.000077
298,0,0.000000
298,1,0.000077
299,0,0.000000
299,1,0.000077
300,0,0.000000
300,1,0.000077
301,0,0.000000
301,1,0.000077
302,0,0.000000
302,1,0.000077
303,0,0.000000
303,1,0.000077
304,0,0.000000
304,1,0.000077
305,0,0.000000
305,1,0.000077
306,0,0.000000
306,1,0.000077
307,0,0.000000
307,1,0.000077
308,0,0.000000
308,1,0.000077
309,0,0.000000
309,1,0.000077
310,0,0.000000
310,1,0.000077
311,0,0.000000
311,1,0.000077
312,0,0.000000
312,1,0.000077
313,0,0.000000
313,1,0.000077
314,0,0.000000
314,1,0.000077
315,0,0.000000
315,1,0.000077
316,0,0.000000
316,1,0.000077
317,0,0.000000
317,1,0.000077
318,0,0.000000
318,1,0.000077
319,0,0.000000
319,1,0.000077
320,0,0.000000
320,1,0.000077
321,0,0.000000
321,1,0.000077
322,0,0.000000
322,1,0.000077
323,0,0.000000
323,1,0.000077
324,0,0.000000
324,1,0.000077
325,0,0.000000
325,1,0.000077
326,0,0.000000
326,1,0.000077
327,0,0.000000
327,1,0.000077
328,0,0.000000
328,1,0.000077
329,0,0.000000
329,1,0.000077
330,0,0.000000
330,1,0.000077
331,0,0.000000
331,1,0.000077
332,0,0.000000
332,1,0.000077
333,0,0.000000
333,1,0.000077
334,0,0.000000
334,1,0.000077
335,0,0.000000
335,1,0.000077
336,0,0.000000
336,1,0.000077
337,0,0.000000
337,1,0.000077
338,0,0.000000
338,1,0.000077
339,0,0.000000
339,1,0.000077
340,0,0.000000
340,1,0.000077
341,0,0.000000
341,1,0.000077
342,0,0.000000
342,1,0.000077
343,0,0.000000
343,1,0.000077
344,0,0.000000
344,1,0.000077
345,0,0.000000
345,1,0.000077
346,0,0.000000
346,1,0.000077
347,0,0.000000
347,1,0.000077
348,0,0.000000
348,1,0.000077
349,0,0.000000
349,1,0.000077
350,0,0.000000
350,1,0.000077
351,0,0.000000
351,1,0.000077
352,0,0.000000
352,1,0.000077
353,0,0.000000
353,1,0.000077
354,0,0.000000
354,1,0.000077
355,0,0.000000
355,1,0.000077
356,0,0.000000
356,1,0.000077
357,0,0.000000
357,1,0.000077
358,0,0.000000
358,1,0.000077
359,0,0.000000
359,1,0.000077
360,0,0.000000
360,1,0.000077
361,0,0.000000
361,1,0.000077
362,0,0.000000
362,1,0.000077
363,0,0.000000
363,1,0.000077
364,0,0.000000
364,1,0.000077
365,0,0.000000
365,1,0.000077
366,0,0.000000
366,1,0.000077
367,0,0.000000
367,1,0.000077
368,0,0.000000
368,1,0.000077
369,0,0.000000
369,1,0.000077
370,0,0.000000
370,1,0.000077
371,0,0.000000
371,1,0.000077
372,0,0.000000
372,1,0.000077
373,0,0.000000
373,1,0.000077
374,0,0.000000
374,1,0.000077
375,0,0.000000
375,1,0.000077
376,0,0.000000
376,1,0.000077
377,0,0.000000
377,1,0.000077
378,0,0.000000
378,1,0.000077
379,0,0.000000
379,1,0.000077
380,0,0.000000
380,1,0.000077
381,0,0.000000
381,1,0.000077
382,0,0.000000
382,1,0.000077
383,0,0.000000
383,1,0.000077
384,0,0.000000
384,1,0.000077
385,0,0.000000
385,1,0.000077
386,0,0.000000
386,1,0.000077
387,0,0.000000
387,1,0.000077
388,0,0.000000
388,1,0.000077
389,0,0.000000
389,1,0.000077
390,0,0.000000
390,1,0.000077
391,0,0.000000
391,1,0.000077
392,0,0.000000
392,1,0.000077
393,0,0.000000
393,1,0.000077
394,0,0.000000
394,1,0.000077
395,0,0.000000
395,1,0.000077
396,0,0.000000
396,1,0.000077
397,0,0.000000
397,1,0.000077
398,0,0.000000
398,1,0.000077
399,0,0.000000
399,1,0.000077
400,0,0.000000
400,1,0.000077
401,0,0.000000
401,1,0.000077
402,0,0.000000
402,1,0.000077
403,0,0.000000
403,1,0.000077
404,0,0.000000
404,1,0.000077
405,0,0.000000
405,1,0.000077
406,0,0.000000
406,1,0.000077
407,0,0.000000
407,1,0.000077
408,0,0.000000
408,1,0.000077
409,0,0.000000
409,1,0.000077
410,0,0.000000
410,1,0.000077
411,0,0.000000
411,1,0.000077
412,0,0.000000
412,1,0.000077
413,0,0.000000
413,1,0.000077
414,0,0.000000
414,1,0.000077
415,0,0.000000
415,1,0.000077
416,0,0.000000
416,1,0.000077
417,0,0.000000
417,1,0.000077
418,0,0.000000
418,1,0.000077
419,0,0.000000
419,1,0.000077
420,0,0.000000
420,1,0.000077
421,0,0.000000
421,1,0.000077
422,0,0.000000
422,1,0.000077
423,0,0.000000
423,1,0.000077
424,0,0.000000
424,1,0.000077
425,0,0.000000
425,1,0.000077
426,0,0.000000
426,1,0.000077
427,0,0.000000
427,1,0.000077
428,0,0.000000
428,1,0.000077
429,0,0.000000
429,1,0.000077
430,0,0.000000
430,1,0.000077
431,0,0.000000
431,1,0.000077
432,0,0.000000
432,1,0.000077
433,0,0.000000
433,1,0.000077
434,0,0.000000
434,1,0.000077
435,0,0.000000
435,1,0.000077
436,0,0.000000
436,1,0.000077
437,0,0.000000
437,1,0.000077
438,0,0.000000
438,1,0.000077
439,0,0.000000
439,1,0.000077
440,0,0.000000
440,1,0.000077
441,0,0.000000
441,1,0.000077
442,0,0.000000
442,1,0.000077
443,0,0.000000
443,1,0.000077
444,0,0.000000
444,1,0.000077
445,0,0.000000
445,1,0.000077
446,0,0.000000
446,1,0.000077
447,0,0.000000
447,1,0.000077
448,0,0.000000
448,1,0.000077
449,0,0.000000
449,1,0.000077
450,0,0.000000
450,1,0.000077
451,0,0.000000
451,1,0.000077
452,0,0.000000
452,1,0.000077
453,0,0.000000
453,1,0.000077
454,0,0.000000
454,1,0.000077
455,0,0.000000
455,1,0.000077
456,0,0.000000
456,1,0.000077
457,0,0.000000
457,1,0.000077
458,0,0.000000
458,1,0.000077
459,0,0.000000
459,1,0.000077
460,0,0.000000
460,1,0.000077
461,0,0.000000
461,1,0.000077
462,0,0.000000
462,1,0.000077
463,0,0.000000
463,1,0.000077
464,0,0.000000
464,1,0.000077
465,0,0.000000
465,1,0.000077
466,0,0.000000
466,1,0.000077
467,0,0.000000
467,1,0.000077
468,0,0.000000
468,1,0.000077
469,0,0.000000
469,1,0.000077
470,0,0.000000
470,1,0.000077
471,0,0.000000
471,1,0.000077
472,0,0.000000
472,1,0.000077
473,0,0.000000
473,1,0.000077
474,0,0.000000
474,1,0.000077
475,0,0.000000
475,1,0.000077
476,0,0.000000
476,1,0.000077
477,0,0.000000
477,1,0.000077
478,0,0.000000
478,1,0.000077
479,0,0.000000
479,1,0.000077
480,0,0.000000
480,1,0.000077
481,0,0.000000
481,1,0.000077
482,0,0.000000
482,1,0.000077
483,0,0.000000
483,1,0.000077
484,0,0.000000
484,1,0.000077
485,0,0.000000
485,1,0.000077
486,0,0.000000
486,1,0.000077
487,0,0.000000
487,1,0.000077
488,0,0.000000
488,1,0.000077
489,0,0.000000
489,1,0.000077
490,0,0.000000
490,1,0.000077
491,0,0.000000
491,1,0.000077
492,0,0.000000
492,1,0.000077
493,0,0.000000
493,1,0.000077
494,0,0.000000
494,1,0.000077
495,0,0.000000
495,1,0.000077
496,0,0.000000
496,1,0.000077
497,0,0.000000
497,1,0.000077
498,0,0.000000
498,1,0.000077
499,0,0.000000
499,1,0.000077
500,0,0.000000
500,1,0.000077
501,0,0.000000
501,1,0.000077
502,0,0.000000
502,1,0.000077
503,0,0.000000
503,1,0.000077
504,0,0.000000
504,1,0.000077
505,0,0.000000
505,1,0.000077
506,0,0.000000
506,1,0.000077
507,0,0.000000
507,1,0.000077
508,0,0.000000
508,1,0.000077
509,0,0.000000
509,1,0.000077
510,0,0.000000
510,1,0.000077
511,0,0.000000
511,1,0.000077
512,0,0.000000
512,1,0.000077
513,0,0.000000
513,1,0.000077
514,0,0.000000
514,1,0.000077
515,0,0.000000
515,1,0.000077
516,0,0.000000
516,1,0.000077
517,0,0.000000
517,1,0.000077
518,0,0.000000
518,1,0.000077
519,0,0.000000
519,1,0.000077
520,0,0.000000
520,1,0.000077
521,0,0.000000
521,1,0.000077
522,0,0.000000
522,1,0.000077
523,0,0.000000
523,1,0.000077
524,0,0.000000
524,1,0.000077
525,0,0.000000
525,1,0.000077
526,0,0.000000
526,1,0.000077
527,0,0.000000
527,1,0.000077
528,0,0.000000
528,1,0.000077
529,0,0.000000
529,1,0.000077
530,0,0.000000
530,1,0.000077
531,0,0.000000
531,1,0.000077
532,0,0.000000
532,1,0.000077
533,0,0.000000
533,1,0.000077
534,0,0.000000
534,1,0.000077
535,0,0.000000
535,1,0.000077
536,0,0.000000
536,1,0.000077
537,0,0.000000
537,1,0.000077
538,0,0.000000
538,1,0.000077
539,0,0.000000
539,1,0.000077
540,0,0.000000
540,1,0.000077
541,0,0.000000
541,1,0.000077
542,0,0.000000
542,1,0.000077
543,0,0.000000
543,1,0.000077
544,0,0.000000
544,1,0.000077
545,0,0.000000
545,1,0.000077
546,0,0.000000
546,1,0.000077
547,0,0.000000
547,1,0.000077
548,0,0.000000
548,1,0.000077
549,0,0.000000
549,1,0.000077
550,0,0.000000
550,1,0.000077
551,0,0.000000
551,1,0.000077
552,0,0.000000
552,1,0.000077
553,0,0.000000
553,1,0.000077
554,0,0.000000
554,1,0.000077
555,0,0.000000
555,1,0.000077
556,0,0.000000
556,1,0.000077
557,0,0.000000
557,1,0.000077
558,0,0.000000
558,1,0.000077
559,0,0.000000
559,1,0.000077
560,0,0.000000
560,1,0.000077
561,0,0.000000
561,1,0.000077
562,0,0.000000
562,1,0.000077
563,0,0.000000
563,1,0.000077
564,0,0.000000
564,1,0.000077
565,0,0.000000
565,1,0.000077
566,0,0.000000
566,1,0.000077
567,0,0.000000
567,1,0.000077
568,0,0.000000
568,1,0.000077
569,0,0.000000
569,1,0.000077
570,0,0.000000
570,1,0.000077
571,0,0.000000
571,1,0.000077
572,0,0.000000
572,1,0.000077
573,0,0.000000
573,1,0.000077
574,0,0.000000
574,1,0.000077
575,0,0.000000
575,1,0.000077
576,0,0.000000
576,1,0.000077
577,0,0.000000
577,1,0.000077
578,0,0.000000
578,1,0.000077
579,0,0.000000
579,1,0.000077
580,0,0.000000
580,1,0.000077
581,0,0.000000
581,1,0.000077
582,0,0.000000
582,1,0.000077
583,0,0.000000
583,1,0.000077
584,0,0.000000
584,1,0.000077
585,0,0.000000
585,1,0.000077
586,0,0.000000
586,1,0.000077
587,0,0.000000
587,1,0.000077
588,0,0.000000
588,1,0.000077
589,0,0.000000
589,1,0.000077
590,0,0.000000
590,1,0.000077
591,0,0.000000
591,1,0.000077
592,0,0.000000
592,1,0.000077
593,0,0.000000
593,1,0.000077
594,0,0.000000
594,1,0.000077
595,0,0.000000
595,1,0.000077
596,0,0.000000
596,1,0.000077
597,0,0.000000
597,1,0.000077
598,0,0.000000
598,1,0.000077
599,0,0.000000
599,1,0.000077
600,0,0.000000
600,1,0.000077
601,0,0.000000
601,1,0.000077
602,0,0.000000
602,1,0.000077
603,0,0.000000
603,1,0.000077
604,0,0.000000
604,1,0.000077
605,0,0.000000
605,1,0.000077
606,0,0.000000
606,1,0.000077
607,0,0.000000
607,1,0.000077
608,0,0.000000
608,1,0.000077
609,0,0.000000
609,1,0.000077
610,0,0.000000
610,1,0.000077
611,0,0.000000
611,1,0.000077
612,0,0.000000
612,1,0.000077
613,0,0.000000
613,1,0.000077
614,0,0.000000
614,1,0.000077
615,0,0.000000
615,1,0.000077
616,0,0.000000
616,1,0.000077
617,0,0.000000
617,1,0.000077
618,0,0.000000
618,1,0.000077
619,0,0.000000
619,1,0.000077
620,0,0.000000
620,1,0.000077
621,0,0.000000
621,1,0.000077
622,0,0.000000
622,1,0.000077
623,0,0.000000
623,1,0.000077
624,0,0.000000
624,1,0.000077
625,0,0.000000
625,1,0.000077
626,0,0.000000
626,1,0.000077
627,0,0.000000
627,1,0.000077
628,0,0.000000
628,1,0.000077
629,0,0.000000
629,1,0.000077
630,0,0.000000
630,1,0.000077
631,0,0.000000
631,1,0.000077
632,0,0.000000
632,1,0.000077
633,0,0.000000
633,1,0.000077
634,0,0.000000
634,1,0.000077
635,0,0.000000
635,1,0.000077
636,0,0.000000
636,1,0.000077
637,0,0.000000
637,1,0.000077
638,0,0.000000
638,1,0.000077
639,0,0.000000
639,1,0.000077
640,0,0.000000
640,1,0.000077
641,0,0.000000
641,1,0.000077
642,0,0.000000
642,1,0.000077
643,0,0.000000
643,1,0.000077
644,0,0.000000
644,1,0.000077
645,0,0.000000
645,1,0.000077
646,0,0.000000
646,1,0.000077
647,0,0.000000
647,1,0.000077
648,0,0.000000
648,1,0.000077
649,0,0.000000
649,1,0.000077
650,0,0.000000
650,1,0.000077
651,0,0.000000
651,1,0.000077
652,0,0.000000
652,1,0.000077
653,0,0.000000
653,1,0.000077
654,0,0.000000
654,1,0.000077
655,0,0.000000
655,1,0.000077
656,0,0.000000
656,1,0.000077
657,0,0.000000
657,1,0.000077
658,0,0.000000
658,1,0.000077
659,0,0.000000
659,1,0.000077
660,0,0.000000
660,1,0.000077
661,0,0.000000
661,1,0.000077
662,0,0.000000
662,1,0.000077
663,0,0.000000
663,1,0.000077
664,0,0.000000
664,1,0.000077
665,0,0.000000
665,1,0.000077
666,0,0.000000
666,1,0.000077
667,0,0.000000
667,1,0.000077
668,0,0.000000
668,1,0.000077
669,0,0.000000
669,1,0.000077
670,0,0.000000
670,1,0.000077
671,0,0.000000
671,1,0.000077
672,0,0.000000
672,1,0.000077
673,0,0.000000
673,1,0.000077
674,0,0.000000
674,1,0.000077
675,0,0.000000
675,1,0.000077
676,0,0.000000
676,1,0.000077
677,0,0.000000
677,1,0.000077
678,0,0.000000
678,1,0.000077
679,0,0.000000
679,1,0.000077
680,0,0.000000
680,1,0.000077
681,0,0.000000
681,1,0.000077
682,0,0.000000
682,1,0.000077
683,0,0.000000
683,1,0.000077
684,0,0.000000
684,1,0.000077
685,0,0.000000
685,1,0.000077
686,0,0.000000
686,1,0.000077
687,0,0.000000
687,1,0.000077
688,0,0.000000
688,1,0.000077
689,0,0.000000
689,1,0.000077
690,0,0.000000
690,1,0.000077
691,0,0.000000
691,1,0.000077
692,0,0.000000
692,1,0.000077
693,0,0.000000
693,1,0.000077
694,0,0.000000
694,1,0.000077
695,0,0.000000
695,1,0.000077
696,0,0.000000
696,1,0.000077
697,0,0.000000
697,1,0.000077
698,0,0.000000
698,1,0.000077
699,0,0.000000
699,1,0.000077
700,0,0.000000
700,1,0.000077
701,0,0.000000
701,1,0.000077
702,0,0.000000
702,1,0.000077
703,0,0.000000
703,1,0.000077
704,0,0.000000
704,1,0.000077
705,0,0.000000
705,1,0.000077
706,0,0.000000
706,1,0.000077
707,0,0.000000
707,1,0.000077
708,0,0.000000
708,1,0.000077
709,0,0.000000
709,1,0.000077
710,0,0.000000
710,1,0.000077
711,0,0.000000
711,1,0.000077
712,0,0.000000
712,1,0.000077
713,0,0.000000
713,1,0.000077
714,0,0.000000
714,1,0.000077
715,0,0.000000
715,1,0.000077
716,0,0.000000
716,1,0.000077
717,0,0.000000
717,1,0.000077
718,0,0.000000
718,1,0.000077
719,0,0.000000
719,1,0.000077
720,0,0.000000
720,1,0.000077
721,0,0.000000
721,1,0.000077
722,0,0.000000
722,1,0.000077
723,0,0.000000
723,1,0.000077
724,0,0.000000
724,1,0.000077
725,0,0.000000
725,1,0.000077
726,0,0.000000
726,1,0.000077
727,0,0.000000
727,1,0.000077
728,0,0.000000
728,1,0.000077
729,0,0.000000
729,1,0.000077
730,0,0.000000
730,1,0.000077
731,0,0.000000
731,1,0.000077
732,0,0.000000
732,1,0.000077
733,0,0.000000
733,1,0.000077
734,0,0.000000
734,1,0.000077
735,0,0.000000
735,1,0.000077
736,0,0.000000
736,1,0.000077
737,0,0.000000
737,1,0.000077
738,0,0.000000
738,1,0.000077
739,0,0.000000
739,1,0.000077
740,0,0.000000
740,1,0.000077
741,0,0.000000
741,1,0.000077
742,0,0.000000
742,1,0.000077
743,0,0.000000
743,1,0.000077
744,0,0.000000
744,1,0.000077
745,0,0.000000
745,1,0.000077
746,0,0.000000
746,1,0.000077
747,0,0.000000
747,1,0.000077
748,0,0.000000
748,1,0.000077
749,0,0.000000
749,1,0.000077
750,0,0.000000
750,1,0.000077
751,0,0.000000
751,1,0.000077
752,0,0.000000
752,1,0.000077
753,0,0.000000
753,1,0.000077
754,0,0.000000
754,1,0.000077
755,0,0.000000
755,1,0.000077
756,0,0.000000
756,1,0.000077
757,0,0.000000
757,1,0.000077
758,0,0.000000
758,1,0.000077
759,0,0.000000
759,1,0.000077
760,0,0.000000
760,1,0.000077
761,0,0.000000
761,1,0.000077
762,0,0.000000
762,1,0.000077
