uc_id,eng,phy
4,0.00000000,0.00000000
4,200.00000000,104.21000000
5,0.00000000,0.00000000
5,200.00000000,104.21000000
6,0.00000000,0.00000000
6,200.00000000,104.21000000
7,0.00000000,0.00000000
7,200.00000000,104.21000000
8,0.00000000,0.00000000
8,200.00000000,104.21000000
9,0.00000000,0.00000000
9,200.00000000,104.21000000
10,0.00000000,0.00000000
10,200.00000000,104.21000000
11,0.00000000,0.00000000
11,200.00000000,104.21000000
12,0.00000000,0.00000000
12,200.00000000,104.21000000
13,0.00000000,0.00000000
13,200.00000000,104.21000000
14,0.00000000,0.00000000
14,200.00000000,104.21000000
15,0.00000000,0.00000000
15,200.00000000,104.21000000
16,0.00000000,0.00000000
16,200.00000000,104.21000000
17,0.00000000,0.00000000
17,200.00000000,104.21000000
18,0.00000000,0.00000000
18,200.00000000,104.21000000
19,0.00000000,0.00000000
19,50.00000000,767.50000000
20,0.00000000,0.00000000
20,50.00000000,767.50000000
21,0.00000000,0.00000000
21,50.00000000,767.50000000
22,0.00000000,0.00000000
22,50.00000000,767.50000000
23,0.00000000,0.00000000
23,50.00000000,767.50000000
24,0.00000000,0.00000000
24,50.00000000,767.50000000
25,0.00000000,0.00000000
25,50.00000000,767.50000000
26,0.00000000,0.00000000
26,50.00000000,767.50000000
27,0.00000000,0.00000000
27,50.00000000,767.50000000
28,0.00000000,0.00000000
28,50.00000000,767.50000000
29,0.00000000,0.00000000
29,50.00000000,767.50000000
30,0.00000000,0.00000000
30,5.00000000,18125.00000000
31,0.00000000,0.00000000
31,5.00000000,18125.00000000
32,0.00000000,0.00000000
32,175.00000000,605.41000000
33,0.00000000,0.00000000
33,10.00000000,10.00000000
34,0.00000000,0.00000000
34,10.00000000,10.00000000
35,0.00000000,0.00000000
35,10.00000000,10.00000000
36,0.00000000,0.00000000
36,10.00000000,10.00000000
37,0.00000000,0.00000000
37,10.00000000,10.00000000
38,0.00000000,0.00000000
38,10.00000000,10.00000000
39,0.00000000,0.00000000
39,10.00000000,10.00000000
40,0.00000000,0.00000000
40,10.00000000,10.00000000
41,0.00000000,0.00000000
41,10.00000000,10.00000000
42,0.00000000,0.00000000
42,10.00000000,10.00000000
43,0.00000000,0.00000000
43,10.00000000,10.00000000
44,0.00000000,0.00000000
44,10.00000000,10.00000000
45,0.00000000,0.00000000
45,10.00000000,10.00000000
46,0.00000000,0.00000000
46,10.00000000,10.00000000
47,0.00000000,0.00000000
47,10.00000000,10.00000000
48,0.00000000,0.00000000
48,10.00000000,10.00000000
49,0.00000000,0.00000000
49,10.00000000,10.00000000
50,0.00000000,0.00000000
50,10.00000000,10.00000000
51,0.00000000,0.00000000
51,10.00000000,10.00000000
52,0.00000000,0.00000000
52,10.00000000,10.00000000
186,0.00000000,0.00000000
186,1.00000000,15
